subjnames,Fp1,Fp2,F3,F4,C3,C4,P3,P4,O1,O2,F7,F8,T3,T4,T5,T6,Sp1,Sp2,Fz,Cz,Pz,Oz,A1,A2,AF3,AF4,Fc3,Fc4,Cp3,Cp4,Po3,Po4,FT7,FT8,Cp7,Cp8,AF1,AF2,F1,F2,F5,F6,Fc1,Fc2,Fc5,Fc6,C1,C2,C5,C6,Cp1,Cp2,Cp5,Cp6,P1,P2,P5,P6,Po5,Po6,AFz,Fcz,Cpz,Poz,Fpz,AF5,AF6,AF7,AF8,AF9,AF0,F9,F10,F11,F12,F13,F14,F15,F16,F17,F18,T15,T16,T13,T14,T11,T12,T9,T10,C7,C8,C9,C10,C11,C12,C13,C14,C15,C16,T7,T8,P9,P10,P11,P12,P13,P14,P15,P16,P7,P8,Po1,Po2,Po7,Po8,O3,O4,O5,O6,O7,O8,O9,O10,O11,O12,O13,O14,O15
Subject01_timefreq_fft_251222_1335_specparam.mat,0.659518684630378,0.576655218332928,0.44399596387386,0.644765127989239,0.884160166144884,1.01634183602896,0.873536107890678,0.958121898886274,0.928461463527583,1.01551629590517,0.686503284765247,0.787022599965706,0.57959452057913,0.777938353186902,0.895753664547692,1.01233622428908,0.65745739156874,0.513434064479286,0.979913455232442,1.09691565331622,0.605130623694108,1.23173245795993,0.966413789611577,0.917119627158384,0.680120623738601,0.549086431965379,0.664277476723488,0.727431981176002,0.925274149234271,0.549919558334313,0.758512648169196,0.885488858272991,0.436328374294472,0.782204280226124,0.526619021696738,0.382895840184987,0.669960241717321,0.569788450937245,0.818244608149571,0.868330108933699,0.725779070020101,0.658645100116572,0.794328248030561,0.875104233681648,0.278276508786624,0.699066793576736,1.08694740718304,0.690287069247923,0.916434519414931,0.709769017677862,1.08563437448553,1.09613029753142,0.913772939738135,0.8791388884114,0.666047725821866,1.10981775854286,0.917447694752344,0.795352783625275,0.85694246656889,0.845299585299487,0.855051630134338,1.09869085909633,1.01734325212151,1.02911383216047,0.698290823173196,0.498958059138481,0.9468330092714,0.320081553366381,0.645691730887714,0.682693545692112,0.85525120506379,0.879074969186502,1.05531904127783,0.803827956558297,0.897851427534247,0.926593933306058,0.5809548145445,0.716334210327731,0.691851238449743,0.579797713591269,0.830523697502184,0.998181875110937,0.992780131693315,0.710345900025798,0.686415778610571,0.377592668892952,0.753080454914383,0.702148059497086,0.805656683368637,0.727589699082651,0.76558624905861,1.00664170639086,1.09839428392802,1.021283959655,0.984325259131772,0.925099802981246,0.599198564484694,0.907106705019858,0.73206355113076,0.569690581528453,0.395138856641943,1.10840118727116,0.959410230212004,0.888654924197711,0.503332862283592,0.904592801096693,0.961358109126328,0.752497665175812,0.80825217847247,0.85425105167268,0.919203281106382,0.892028710351911,0.806985070745126,0.740349391510148,1.10500765165669,0.857830306381035,0.904501019336595,0.869753632686461,0.932633033795128,0.947317366753134,0.564688482267611,0.875111687881212,1.03236727356945,0.945341138669004,1.027622698164,0.856675528709164,1.03134662143863,0.4943248972183
Subject02_timefreq_fft_251222_1335_specparam.mat,1.13354403800373,1.32801655829119,0.522370860639691,0.477205109853988,0.458599971872559,0.10327618923504,0.44861234576432,1.00240202167056,1.01602969468185,0.539385462410102,0.308845483572273,0.402791304629612,0.900627647782817,0.799709388556732,0.680901967792447,0.421594116521916,0.375892352633785,1.318945808734,1.21897921085559,0.793584972858356,1.07373493449073,1.00667523597011,0.107191480700709,0.754580611848223,0.484736953915511,1.2398933697472,0.581040472606317,0.0828647120513556,0.630937392404803,0.723279028770512,0.72259349957938,1.00087224331216,0.67875152600088,0.616463139478244,0.924187763250701,0.57395726814192,0.582932817833516,0.521954266023486,1.16695106059248,0.480736496259869,0.630834480806344,0.657399089723381,1.17621459983341,0.790004835327803,0.54311623234372,0.472128849064462,1.08693022722623,0.832966736561482,0.664045054729899,0.445017971519118,1.08097606160908,0.790332622792517,0.939828691066928,1.01352090494892,1.18729849460026,1.00386546852532,0.555643578195677,1.00033311673365,0.978201568249252,1.01704470134207,1.30419559120739,1.0885225192351,1.08013578872715,1.0831028885763,0.360989591015677,0.802661108889691,1.20427419108213,0.57397915386327,0.407481445516742,0.57667592192951,0.425426545938988,1.12563598457737,1.07177782596367,0.833316423338461,0.882058633078594,0.715284990302096,0.492711260595764,0.306570094919593,0.762983282465603,0.79694332418628,0.464621877263457,1.07926538232041,0.784926531040573,0.496212871877064,0.0267315565629767,0.632239294895036,1.01369903408033,0.393555692999664,0.681635567972122,0.422998832677731,0.910262680430629,1.12314491071044,0.769694812335627,0.820572425038327,0.674134700197624,0.719864349646404,0.915275361251694,0.745460582715922,0.920130945865091,0.733705661797635,1.04451709149073,1.07374613238449,1.00825720915711,0.809968854489715,0.928111116518942,0.498115473902426,0.578693923169457,0.938894156956374,1.06122118031925,0.956765721197266,0.702665782709976,1.00381994463576,1.07640308758998,0.563354169366987,0.435357165368511,1.00238021037469,1.05346360087537,0.826746804861087,1.04555576943896,0.933788481117788,0.93532175408904,1.01364562700121,0.457689970964821,0.798605729650531,0.92862585031346,0.396196996174964,0.307634563445851,1.03548144062664
Subject03_timefreq_fft_251222_1335_specparam.mat,0.79448332666477,0.563575480301457,0.711067373048524,0.44354413773126,0.805819885418882,0.557754806815824,0.788998756124025,0.780829998220819,0.62215424034761,0.714348589295126,0.685410114714257,0.811168994784821,0.484831528904956,0.719777687980227,0.66245022118758,0.70611955194625,0.419176181549177,0.528442235450776,0.905602386587445,0.887729716194856,0.815194119345974,0.733391352214444,0.840556943431971,0.740645631233794,0.757083062056301,0.418109667772403,0.551516297469671,0.580654761619571,0.795782443016633,0.639122383611356,0.674074151367158,0.538487295629349,0.545643265190389,1.12805494552801,0.608523445321458,0.560559897906753,0.661295075884396,0.745138229589839,0.924568434196761,0.676700241116349,0.497640389472983,0.309684375881003,0.510775017152809,0.377424217213944,0.548465751391847,0.247784595023806,0.808490356530509,0.717923643158825,0.811929656976651,0.348247443442488,0.813110375646244,0.729032699073226,0.668533627289039,0.416524229913143,0.451237959054426,0.743248401751401,0.675757547147912,0.214173361992096,0.400332717483853,0.397274235016405,0.703219938998924,0.870504597197353,0.824460335800358,0.597142075901766,0.561023765276487,0.746868509762487,0.796092474954338,0.612334102136531,0.540685295818264,0.667849850387526,0.697003879988139,0.945231936702873,0.815877004221325,0.650304062642937,0.639704192081395,0.515679933674675,0.280484353474808,0.345158456696419,0.656986763954834,0.360875636650302,0.31771808593364,0.789049418227999,0.667193125176669,0.79628149906329,0.531288606781096,0.272777329260209,0.255810897903916,0.418177105316688,0.752324358496819,0.400899145305594,0.0568896416628344,0.793784482343479,0.688425180258013,0.81168405088161,0.676626219649857,0.793586975363075,0.404073387634092,0.515142833642385,0.156156186996474,0.487389401701163,0.306329951811527,0.793975352781753,0.712346297760405,0.799868906834862,0.691696152095762,0.683350893065048,0.527517415976274,0.530485095462098,0.501947819281708,0.450250469592982,0.532294533933609,0.678072615567428,0.71746115446516,0.67055878277277,0.692227545298836,0.673097113216386,0.539074568002338,0.671376273201845,0.515338977143027,0.682421906497727,0.671858144895091,0.679471319340494,0.693607360134186,0.676220635104318,0.691948264730261,0.672803338650155,0.70004344559811,0.68696667269532
Subject04_timefreq_fft_251222_1335_specparam.mat,0.479630216602022,0.13577906498856,0.602668648927659,0.182747560766359,0.610795946884222,0.585409146056523,0.522106116806163,0.634632642995131,0.304792311389149,0.533920702032356,0.48886374947068,0.144547065010267,0.814513183606944,0.322262178786665,0.615728336745669,0.674946119972043,0.478223536104511,0.133177924259361,0.361346811822685,0.593702909131532,0.601033465208378,0.529312074787724,0.531387462568393,0.596531215745336,0.485194019135824,0.185322612999266,0.596110036893498,0.594607315922751,0.514010901362234,0.538779144345555,0.820342189618752,0.628235834805219,0.525962680126073,0.191315555639978,0.397850039205802,0.322683618556686,0.485847980312806,0.190532733673359,0.390433892252543,0.336619066903159,0.610349052296059,0.251111947081973,0.750368980193935,0.698711880346794,0.593195585251243,0.354925553356442,0.63743654769171,0.486511496207772,0.461109982046846,0.379481747548477,0.674140393871874,0.629459285894327,0.614440151461532,0.0390685685339575,0.63765485854195,0.645144655045146,0.618970215755445,0.427888066457086,0.633488699059419,0.641801038471362,0.256894961857209,0.606693168490476,0.626130672228034,0.356410295516785,0.186483335456616,0.466657899599985,0.013583869822998,0.471874886426491,0.0323641328959118,0.472252595608837,0.0256649753281301,0.385109160272491,0.269809608903723,0.397839494855269,0.347667837693127,0.610389410597774,0.392042700698697,0.60711112529364,0.374416139406945,0.480707303178294,0.222616829146997,0.795576946292641,0.802316816784496,0.622006663316036,0.646478169804123,0.350434210427472,0.289591676548701,0.592529291352067,0.335046612616663,0.678199064896694,0.13103398710974,0.647215373306821,0.621929528091395,0.683896724350352,0.626195242190477,0.678065658942261,0.105059923599552,0.615557967610081,0.331278550687313,0.584967510151454,0.337463124894548,0.788051549291459,0.648432391465367,0.56370560409031,0.56771533074365,0.299966543593277,0.288118110140446,0.484819641974503,0.690430183216451,0.49633674092007,0.0757126708913882,0.431580385964094,0.823947113990893,0.603267724700587,0.635123117437856,0.150383650157778,0.343429800975821,0.354558913037358,0.408953034952124,0.896246315154802,0.548410218606913,0.496312135245042,0.692973525209506,0.602408849841476,0.520069466708323,0.536844644883938,0.61419701004379,0.488163568049495
Subject05_timefreq_fft_251222_1335_specparam.mat,0.733178466203369,0.746978404933927,0.736727816572377,0.963901793429007,0.677022298142522,0.903303789088835,1.28641222795701,0.650532195371781,0.711232320012702,0.572049454315662,0.914341122123316,0.763877462722559,0.303655758186065,0.886869101928466,0.722324722303381,0.680423279688762,0.737767339961378,0.745828678590122,1.07198199474667,0.960734721529475,0.989624359279001,0.693887750142614,0.568285249308144,0.842257534884816,0.7387667435361,0.469996852127757,0.476018346672844,1.00397263160185,0.802890985515321,0.881070470174272,0.859850435658563,0.908407316828639,0.575366347648769,1.15391073903594,0.859973358734644,0.801772640140035,0.732498093159844,0.714610297433094,0.995037697104133,1.1528979531557,0.391296992532319,0.779000764022567,0.929126305817909,1.02980088791291,0.352682351513744,1.15146654918816,0.914858832390219,0.98726619666062,0.273379890948435,0.859004362731416,0.506826538350114,0.935360178187852,0.863781274360282,0.979675959679007,1.03627396538036,0.729755789178478,0.952716131190545,1.09006362692166,0.853952827809468,0.906358729160752,0.941972345408779,1.00663729689135,0.956994393093069,0.93559062179046,0.719432453812125,0.777466484418667,0.774314367525704,0.926547083081769,0.763753503632579,0.518384710467242,0.646494231125419,1.06231810637263,1.10491051818546,0.93658894401197,1.11180861431139,0.502488601734486,1.00831594594163,0.340968292437877,0.617410748746478,0.80903530003328,0.810547474359932,0.955810961062183,1.0002556986689,0.675262089584528,1.22978816681798,0.0854839007831606,1.05704078870941,0.246902362460065,1.14772212828085,0.700665103969553,0.909396075048445,0.991989925496837,1.05556250662831,1.21813024059757,1.00747229177271,0.54744110535489,0.914515623098729,0.885441113772065,0.896718710484839,0.848728636165947,0.900265962899539,0.966047727063309,1.39895111413214,0.867986667913347,0.998503625737864,0.922391977591862,1.1216703370667,0.904266671255037,0.732743720806494,0.536086710640566,0.730877420988926,1.10358131114343,0.736117265354982,0.632109001600895,0.613535506045135,0.719313044126671,0.618786935328712,0.815160850961031,0.765538492809542,0.829972393820734,0.796236903166225,0.721713530442681,0.684915484634497,0.729301162514842,0.662128579964196,0.691203494010021,0.791467834148093,0.571003357945285
Subject06_timefreq_fft_251222_1335_specparam.mat,0.336365019972057,0.476095717002323,0.701633152846102,0.9161873386369,0.466718959448159,1.09434335338074,0.948165653296598,0.888633626430262,0.931427510284051,1.03581198864267,0.994581568538263,1.14843747398623,0.669391762991373,0.84246922889604,0.866966536040962,0.841044670089938,0.353274872593996,1.11416158186957,1.11777554029422,1.13610639859257,1.02094855817645,1.11140857843998,0.838685525673593,1.0202769195877,0.98491577620692,1.04126671271373,0.22831094152281,1.0025492905691,0.247877030446219,1.04200819937224,0.969688711502557,1.01262237602996,0.73163486054679,1.13172894324108,0.674112126968531,0.835047150594073,0.388216070525239,0.604993593858213,1.12233147857583,1.16115641494805,0.499840838666223,0.836536706959939,1.02479788047311,1.18617998246952,0.0359418721856859,0.713443294213163,0.910559408624571,0.714245773844224,0.0498564998998037,0.89838506850178,0.779486310350601,1.0800263450612,0.566102863952048,0.784162388267021,1.16700862621907,1.03606597587745,0.759054764845036,1.07058247059167,0.89387104289544,0.951292465671732,0.727607734862063,1.21927176883251,1.09436871801621,1.08178887164892,0.791260289834738,0.977363702283404,0.394343003944014,0.960008138621432,1.16938284828979,0.949179971632427,1.11593734786251,1.21679587683386,1.31979568202843,1.035621172158,1.15196543868969,0.744307954810663,0.83396882345428,0.244397253229721,1.08126998429329,0.96949924961234,1.12947462247164,1.03370191876212,1.00702029364855,0.313427028405672,1.05315265349649,0.573732683932377,0.835174308122614,0.570646429202193,0.981484894638672,0.244454202607852,1.00124923867195,0.810321553315624,1.31492374483876,0.519956168086001,1.05061707658853,0.442997556098375,1.00277416558891,0.144789216496917,0.815738758608661,0.601897595196173,0.402833784993593,1.10869372152203,0.890044332808858,0.802876133646803,0.792229555645761,0.686716000141957,0.964206597003561,0.866288890531405,0.947144231298992,1.23587621497067,0.953653017873223,0.882238822465174,1.08113018998706,0.959178613046722,1.03637049952593,1.09168780883887,1.03903031908001,0.982560530635751,0.899088651098305,0.392578703589064,1.05033612894609,0.98200689621486,1.03339341948431,1.05033811338568,1.05407248715476,1.30057064690747,1.06272434313556,1.10337803981991
Subject07_timefreq_fft_251222_1335_specparam.mat,0.187291739993619,0.137551612431946,0.383169537041803,0.0900345647560888,0.863811826483555,0.524968811088918,0.953219994508179,1.30886804127861,0.814845373605365,0.571126299391336,0.39896264279146,0.402513604719309,0.729018199513609,0.755276838003739,0.53616329239695,0.601690310000121,0.295199073867583,0.784336448213243,0.66628908555521,0.679545836090231,0.770066466584259,0.508191577259695,0.771047464674349,0.303594046445879,0.647649488404497,0.0695635740957735,0.373316432436087,0.581003058882612,0.933381069270498,0.33276928679116,0.517154350926736,0.584989889687035,0.478380675700494,0.81567470676759,0.71548182735255,0.448810508942966,0.37518904323493,0.206511727533808,0.591770742104151,0.156141613579928,0.170829364439057,0.856820010812704,0.639727285167282,0.489827435096297,0.39392449805539,0.312896775682088,0.314705080506914,0.684954916495886,0.805617286974278,0.242693730964601,0.852381189624025,0.777867236167318,0.950810864062917,0.696401728340391,1.0741757086785,0.786130133788482,0.337950554263453,0.550983915708785,0.540856570676506,0.540400161377234,0.47524097258772,0.773416627842138,0.819445840000607,1.12249447862971,0.31125743656029,0.50845993615344,0.0266330979277588,0.569600694132672,0.197514116623551,0.184740141824526,0.216548895449355,0.733682593473868,0.455504548783733,0.640000029472835,0.221863572495333,0.541337285963143,0.116004337854877,0.289106303826351,0.347654534037451,0.387639981854,0.644712662315977,0.668674849942307,0.689723840195363,0.511493048196675,0.435289787229019,0.50814749296932,0.528501134728043,0.688061015621856,0.325583069328245,0.758042833224657,0.378062739907314,0.816223141878216,0.634179992564827,0.751800818751656,0.559552322706067,0.948213391833001,0.301728463795565,0.798220866947098,0.277723622666411,0.727573590510818,0.6343538200529,0.96724828695597,0.745923775043332,0.97209381315932,0.585284950275389,0.964400767468231,0.831358810593592,0.743131694864946,0.441060556601461,0.540943666963374,0.442125358718891,0.901981474605701,1.26206840125924,0.540483802595221,0.311911607238727,0.692018756518623,0.612593991247372,0.551090758225315,0.457263038356418,0.56427397808409,0.597377547346354,0.546068087288505,0.45051539203518,0.576586205691822,0.617978331803994,0.566167088188378,0.620199069397015,0.609632786854774
Subject08_timefreq_fft_251222_1335_specparam.mat,0.778943891542877,0.621447923604685,1.05475201945089,1.04229381400839,1.1180428359236,1.0716292203465,1.03407166972229,1.18810705441192,1.04956123586838,0.99705380560175,1.23558463990315,1.19354323183925,0.751557412089594,0.792500745534229,1.02938276004647,0.986324431174536,0.777122939789517,0.719406680448526,1.05268100661701,1.14166440592301,1.08759049438788,1.12707523543338,0.736005689882144,0.705389486561352,0.786510165346575,0.70916142256668,1.04847143376643,1.00980096229919,1.00233424187209,1.04275307983061,1.0500918775943,1.10109918478036,1.25756096682358,1.25761236235424,0.460342767376195,0.768138262495358,0.772924916111016,0.694834974586598,0.985735225720509,0.991199291117148,1.27154708938471,1.11707196568413,0.508287188388079,1.52424838795533,0.933195665610554,1.49566278866923,1.08706316493104,1.16784570455993,0.958787754946354,1.11006734889497,1.17956230907239,1.0769957551605,0.866647417744525,1.06878492159428,1.13793068510902,1.09313769791665,0.970901423858058,0.88799872086645,1.03487704811432,1.10498615675151,0.860981987432063,1.37434119625119,0.67972963846441,1.05031369369959,0.723540136446001,0.510333423378509,0.791366386962676,0.660810366219541,1.10070572331614,0.813726214115222,0.463801304296176,1.42615189225248,1.62473982670705,1.03479802130905,1.43535075555627,1.09337853189291,1.03463210541488,1.29604317773815,0.784539317104339,1.2651633527945,0.977496567807588,1.22963329737469,1.14392465187202,1.09906812431239,1.03037738566427,1.02441453514035,1.07119823229651,0.167396400765267,0.678477707416839,0.72065532325135,0.957409981465405,1.18234385997476,1.10868416893165,1.25505890094297,1.03105265401835,0.910405290507585,0.993579657959466,0.684108452150581,0.972684768754481,0.473593762688199,0.670853424216447,1.02040238880913,1.13722338588603,0.754598571561533,0.846806862280785,0.839262932357191,0.806725672483,0.527175282182345,0.655769624719018,0.52284161184593,0.744320610010269,1.22494515380181,1.07864511495505,1.02503814025045,0.464381522879784,1.1053503814666,0.972338862602764,1.04493051942542,1.09297393576751,1.04648199167027,1.1002929153364,1.03141905252886,0.971922572398809,1.1865650481801,1.10676790156058,0.663965897914349,1.02439497781182,1.15299833452911
Subject09_timefreq_fft_251222_1335_specparam.mat,0.540133790370264,0.853477237681979,0.830043758741779,0.409832458167997,1.03324243857059,0.713675526868203,1.06884064164946,0.816875519602994,1.0030656748461,0.828282976090412,1.02003998771076,1.05487067086869,0.770186419707721,0.741881122471485,1.20239922479855,0.824389090401623,1.04134505300219,0.859887324841792,0.973792297219314,0.8554526575143,1.22493575710516,0.918299841932787,1.03431628530173,1.12469010823392,1.00124723203483,0.844422779734164,0.845403238193499,0.73580579795194,1.13088864651383,0.727248984846315,0.449859960851533,0.766853083071211,0.959743081403429,1.04949740548154,0.871192892396331,0.801346640294657,1.11540716304514,0.868347164964377,0.929917576961586,1.03052036006713,0.772448827516354,0.85501895908752,1.15510073606961,0.891762851736417,1.01124848657335,0.757088543542564,1.00161954190255,0.862087007259078,1.01118592463043,0.592809824045565,1.05828788231724,0.715076364433821,0.870143498042172,0.911233461273708,1.22494356964564,1.04987105384291,0.874876028677298,0.763673157530162,0.877130100120799,0.765916318257995,0.720841359304425,0.990137174078182,0.861156642712806,1.00460760987413,0.763427881728885,0.909557872113625,0.278195941806416,1.00747782494868,0.425429717841503,0.968190793401443,0.752815266429506,1.0004648632764,0.939671702718772,1.12878342101686,0.789658698082694,0.92391208990295,0.379826135713846,0.788128760814858,1.01932542059376,0.857295405167377,1.04530799427844,1.01891833319605,0.860276108495131,0.795477987061335,0.701589204161786,0.842884436186203,0.666896980896438,0.835396634838434,0.724443138524599,0.852604362391156,0.860763225902432,1.01818517659287,0.854419445259697,1.27008010326723,0.69437993924923,0.875794272409002,0.83153483512349,0.887492356016323,0.746558582333525,0.80052399115908,0.80892892761075,0.584427616102224,1.04890718659646,1.09113041665075,0.697844467020686,0.890314876997454,1.00653617189945,0.889210952922903,0.723844287653442,0.884105237260909,0.783948809578499,0.893541598114268,0.83354465289153,0.989289216599057,0.830989936992652,0.907886658222159,0.83171180108272,0.88693754630832,0.830799951921709,0.914571337103488,0.838218172770586,0.907031164535877,0.834938978262882,0.905776948379897,1.21611292331312,0.890866279896289,0.829304668081239,0.918237903874548
Subject10_timefreq_fft_251222_1335_specparam.mat,0.124105681570152,0.0862507140421579,0.790694872718284,0.369084301589086,0.61391438173887,0.897261827808361,0.784657025453698,1.10091979966592,0.702487367831573,0.727340515299704,0.318686680884144,0.35405922415673,0.561668707061704,0.59340901669794,0.767702646345809,0.590366367182236,0.325702382071844,0.105844606446393,0.433175830663854,0.831760303748894,0.546894803673383,0.955951017008461,1.11819696252035,0.32419946775712,0.422951277539285,0.0671134157231661,0.782581824456827,0.464797995923593,0.635181131029609,0.634008646984362,0.951117536888574,1.07462308643864,0.695093479087049,0.544833543791229,0.513922768926617,0.959176989562871,0.281624014793986,0.191222938235823,0.760363445166633,0.146098498737548,0.378460129762023,0.164961598733927,0.959494897186531,0.55484798389801,0.372127503220035,0.744154875367708,0.816761798331276,0.521192971034155,0.814475624700872,0.0420769771936829,0.747593443204457,0.930101148794648,0.183528893375427,0.0508694672243431,1.22399355964522,0.700053353275191,1.03174284654969,0.599183838643459,1.03516009435105,0.866713699627932,0.275959326531351,1.34279987659214,0.930416156325454,1.4057334786583,0.169586907959787,0.783482848714409,0.451784926910251,0.167064611398433,0.0915197898930327,0.258514584841554,0.00490380381671707,0.8413357770826,0.206592947470884,0.930914626130688,0.792665398470318,0.615748719685039,0.390194037818161,0.679885324155368,0.326620612889917,0.308749633328118,0.238832550389014,0.677408958005525,1.12143570711559,0.611901225032542,0.408432488502313,0.508274832054235,0.732621645656092,0.800073559959803,0.275298683023517,0.876882882158027,0.0327387921199748,0.775897518609529,0.991460142160516,0.573748471166355,1.00936961501891,1.05669610886139,0.66988228232733,0.628212935214076,0.671678771199383,0.633803679615088,0.330496856514501,0.985233226344389,0.974296133748794,0.985674352790696,0.868298003166463,0.509455895617747,0.945723841506315,0.84444623808697,0.868320800633425,0.568108284305866,0.741369318517762,1.21496384696959,0.908397457938072,0.602332729551311,0.669620614776034,0.906239774307456,0.852751370239219,0.592058548601215,1.08937309288601,0.678764710916181,0.286836760505137,0.548748464789942,0.424178153660538,0.328792019676037,0.979599989034587,0.759892304763752,1.12135924017795,1.07635236988342
Subject11_timefreq_fft_251222_1335_specparam.mat,0.555557384109174,0.636174866874515,0.747404868684261,1.00022918714695,0.454436225343254,1.20374978429311,1.02510394935164,0.937678068850215,1.23253716189165,0.978116360985772,1.19450714670413,1.25248125073977,0.770498778530253,0.900308312680705,0.91306405874915,1.36197297830398,0.878007351502594,0.881408854353225,1.26552498443531,1.18021874869815,0.949058000549555,1.02650508725991,0.67117053276635,1.04564234529203,0.999945932348153,0.923472454947072,0.494227485910437,1.11773491846387,0.520011804164804,1.14276873272821,0.795979915631486,1.02528953701348,0.90325535238307,1.35779786564095,0.79989504835818,0.823505762842105,0.448200706335065,0.292546555917123,1.19784108731582,1.24089331377819,0.6479434799292,0.622684579544703,1.10567067444386,1.32313222692967,0.295329356192513,0.802253142591067,1.03449984854563,0.937204022356599,0.00506403323596311,0.942467143872387,0.869012407267173,1.08044231806283,0.822542919974782,1.16846873965488,1.20550599505512,0.971211040142865,0.793030851006068,1.14199369166782,0.936720532512447,0.671016573642526,0.743649670377662,1.34351510417197,1.07286800104113,1.29387127823058,0.699244474161406,0.77411197674497,0.485972122262879,1.00580078474663,0.965592822024363,0.929892054002475,0.903660486290571,1.28127747424184,1.37712404145611,1.09878317495735,1.24207515809645,0.728029928878186,0.860484594385159,0.657437184117157,1.24604460958982,1.16388523137107,1.28288988309466,1.16073747308815,1.4724721721286,0.395127783576975,1.13924885795236,0.276801765758652,1.00829214455017,0.740121554513895,1.14179776692739,0.155405157597826,1.16366045412868,1.21499342384791,1.29913240064477,0.714338193782896,1.03685264537977,0.560684124202488,1.11759868535948,0.152042449704794,0.484253809884706,0.846492924723667,0.53631699615237,1.12075584168214,0.806187499035615,0.947933559266047,1.19588765236152,0.859475551740324,1.02615252473637,0.94923039350238,0.922962305479628,1.462458817603,0.938250890904416,1.11644010191218,1.35160916498514,0.933353318606805,1.10439174389345,1.04148292773766,0.9843116580107,0.803809546652366,0.997971178244697,0.852744177868838,0.992522275893758,0.948669620394496,0.972019222585257,1.00655121270205,1.00828614828479,1.01934771952248,1.02042598737098,0.541980306178128
Subject12_timefreq_fft_251222_1335_specparam.mat,0.794639690555872,0.579408192789954,0.703745481535072,0.442730939459466,0.750141302401583,0.586888677865648,0.735666435235031,0.823387777116425,0.622657559880943,0.716643994387296,0.701342980606503,0.807423726947061,0.41971044935672,0.722575744897962,0.674003934464255,0.707402053666763,0.449785918301518,0.544956913167564,0.889673298566629,0.897057043137879,0.822949456249559,0.732148981370357,0.847693880296937,0.732598982741851,0.704472400884751,0.420959050277441,0.537427166525224,0.591628289125585,0.741655075085396,0.668317197129648,0.685971827912512,0.535154330506131,0.522623039978289,1.11298792989928,0.587750348600536,0.526876644935741,0.680162805508624,0.744841191245544,0.90992705336358,0.667123344673852,0.501807612588295,0.296772086429825,0.488311276005447,0.36051278713348,0.505057044547755,0.283445522687636,0.803029145726666,0.715078920097771,0.808786126319163,0.398956312121124,0.815635132365093,0.763106837175644,0.683529735700327,0.447726340375874,0.456344204503225,0.778211484049721,0.687367199010343,0.238200994400289,0.356180151150166,0.399811962570687,0.621981555160378,0.855652605309024,0.828488428112963,0.598181081482424,0.568430034605061,0.759132277626119,0.792258537291273,0.615351114840902,0.541298384675796,0.684508246137799,0.686019845571395,0.923371807384285,0.803168118035869,0.635930546543166,0.632257587379445,0.522060498407106,0.294615672577357,0.332496700352615,0.661258896966624,0.392310318039557,0.28945853643336,0.741921312528867,0.670229921306379,0.788545945067492,0.546556731120514,0.259558627394206,0.310918006046276,0.403160911609979,0.753006371322425,0.389457146081421,0.00526867037530334,0.75923262086778,0.689594940672648,0.804241084505912,0.680805953098022,0.787094388569043,0.456048177373617,0.508719457788579,0.175525630421589,0.451970757682341,0.315395211314225,0.801749856084906,0.747753665157775,0.793658284227441,0.731110672321807,0.693162216449599,0.556678643834556,0.541480621086238,0.49028632145539,0.444459600015542,0.482772617426651,0.689791580804177,0.723978047783281,0.680821562413025,0.692348242040694,0.685359180707721,0.532320059857089,0.681592958760857,0.479570285870736,0.69183554422965,0.561553395157688,0.689577092313126,0.693524722018506,0.68353119086314,0.691395633725378,0.680339088756733,0.699866433512601,0.693091932493116
Subject13_timefreq_fft_251222_1335_specparam.mat,1.25149616846219,0.298034430673101,1.05425632986335,0.218510990443595,0.847708352001304,0.859921272729797,0.820516384364219,1.06476443734877,1.06404915140505,1.0657487123201,1.13195627558186,0.776900252807516,0.678788725529477,0.505865201378597,0.771347527806688,1.03461171268701,1.13536847594032,0.53176863608913,1.0775496238007,0.948285602970715,1.17954113902281,0.539641749232392,0.839053080820829,0.44215042879075,0.819539395457559,0.630231866554345,0.862237548517237,0.770314303670965,0.8759460306001,0.909090731769452,0.963033262495583,0.895171342412476,0.931165115010786,0.777575256247714,0.553591391083964,0.512722059251406,1.2516692693069,1.02476152842862,1.08477385357623,0.882960362681919,0.956328362498504,0.589120577786503,0.966470972588876,0.612959806614831,0.747950198960515,0.602872219579389,0.935589357984151,0.915823029854541,0.823442310762698,0.428734682912037,0.943655719117565,1.04115146464171,0.880275122931184,0.607203614116828,0.882584169061845,1.17545471185803,0.919228859196977,0.579782781863116,0.957251382056056,0.894236591313738,0.67352534302715,0.982907980484955,1.02335272672591,1.17417348388659,1.17226510485905,0.647470763097267,0.869640331415511,1.15362619372785,1.0296565459093,1.08361845449297,1.0300165380712,1.12951869217871,1.05156925514009,1.03074920351967,0.911533938476983,0.958958909937978,0.778795305637794,0.752469984874199,0.121178151884606,0.939858361820563,0.51684998547699,1.04514378370939,0.964148347407874,0.912673709825143,0.87415964456555,0.491171348331395,0.765704729696705,0.581435840949248,0.612551575708312,0.567299756070074,0.663853259993969,0.983763272221184,0.952771971875752,0.943221986823122,0.876991965633148,0.78819215348672,0.899692108928573,0.804457106696994,0.609773953059336,0.694969950609343,0.516079414561595,1.07897077966876,1.11955471069792,0.75490830620571,0.907056448500784,0.852710048315659,0.608640089976439,0.592329836524661,0.486289037905538,0.596757334044577,0.7752514523492,1.13425523847867,1.11691200964141,0.981370404481989,0.912191552872393,1.09331037387035,1.11798857926484,0.954432494524367,1.00073552898419,1.07799037450798,1.06756827264219,0.545864949209341,1.03662176104094,1.13857392922668,1.14821768551935,0.879683154890261,1.150962572904,1.14584830851586
Subject14_timefreq_fft_251222_1335_specparam.mat,0.865241769087351,0.278376181432222,0.273748656582961,1.02186944581979,0.775573577122756,0.366289472996724,0.93169109903643,0.902581468563577,0.954889070721911,0.978993894400866,0.881396557003029,0.742814140451006,0.886382562125731,0.754275888911772,0.901628197449329,0.744613198445666,0.882361461748829,0.79674804743644,1.01689813758242,0.634206577453532,0.619605378855215,1.07645416937419,0.888454084204276,1.05689037219771,0.867711596680301,0.791154269177316,0.750706747553247,0.309528171954788,0.599173544084667,0.807288233919058,0.856539216940162,0.967756209159116,0.886612845368455,0.689194162288611,0.534461353143868,0.700476541906429,0.85875506481343,0.64621228360036,0.99988233554035,0.852008936721115,0.885258318999195,0.968603905974539,1.03841070989338,0.813294917422587,0.879559268605886,0.723762283883083,0.767718709320779,0.766025996054643,0.713683502742455,0.895862137634822,0.843283664630124,0.875056078139456,0.269792407139692,0.583805108198567,1.02096526330191,0.853627503063592,0.940311671804517,0.828162070490918,0.904460881080518,0.974237978302113,0.779269291432105,0.971058885706623,0.871851857352979,1.05720264463695,0.810936431819301,0.906366967541224,0.338371211487495,0.920841156589605,0.807660358999723,0.931655725678394,0.280019479573599,0.981401308200338,0.878241060485935,0.941754305893133,0.866801225634611,0.553930818858175,0.944842346168472,0.926365109817184,0.56912186233249,0.926800348552492,0.530435929071037,0.856982823439203,0.676873595813883,0.453352896289895,0.849287300677831,0.906043357828744,0.728345533927852,0.909216649925259,0.606863365412143,0.507259773373513,0.816568212392332,0.820067727557199,0.810252824633191,0.846779580481429,0.824571784294465,0.748505865454054,0.853261845898606,0.552062501949186,0.806627156376197,0.9253129420345,0.304794270025755,1.00626877874176,0.840947655844805,0.916167856952169,0.478362213866939,0.677859164860656,0.665293913702113,0.5544203367565,0.566131536608807,0.667108417927806,0.740266798767755,0.497682138989339,0.967038825204619,0.735764579711385,0.508835672713119,0.6680910082433,0.963908539349341,0.500576680932458,0.977659251999201,0.491046305694717,0.98409662684192,0.890384998470535,0.853692081681034,0.358133261577432,0.970942835246485,0.85900149104966,0.976108717972028,1.01476922019426
Subject15_timefreq_fft_251222_1335_specparam.mat,1.23176938486307,1.12735474107631,0.946996507567434,1.05587610694995,1.04646462127342,1.01247652383803,1.02421445148455,1.07487207285497,1.00761344738475,0.937978018588439,1.13849040759731,1.19886371816826,0.977349108056825,1.19804725367364,0.957915213695855,0.997605302136755,1.03972349705813,1.13305238190365,0.854599696556694,0.991541415713806,1.04475600958853,0.773000931753972,1.18511701009413,1.14830178957446,1.2203459888625,1.06395950201691,1.0285644483824,1.05717863052476,1.1587731532538,1.13011966501838,0.965294282454631,1.07436622980957,1.21332038852507,1.24938084550722,1.00189868330421,1.1646922796914,1.19629252757088,1.14694582687399,0.971052340128957,0.791920996761289,1.14228684644432,1.05519848607534,0.838721849592856,0.891465000360887,1.15448912413475,1.22592104984398,0.971263425591277,0.973195496653515,1.19748209887721,0.892726252768016,1.046042222032,1.06316203582145,1.01727423105932,1.15830136957548,1.07499085472392,1.04756092484768,0.967873178815569,1.12115530378671,0.421697049394346,1.07047667726854,0.96489756559553,0.896427853429067,0.994473779204618,1.07509945878024,1.1031324345887,1.04632837608414,1.00573988339088,1.03546498653761,1.25619287707442,1.21834170282236,1.16300379419223,0.902267922416288,0.785943269555343,0.745242000761265,0.850664536187203,1.02068460062443,1.05413250418404,1.13004871412279,0.914152152711615,1.22207281104735,1.29999827260489,0.963408706012193,0.898858971460458,1.07615313190891,0.947486081644349,1.15681015133175,1.25029932737148,1.16066256739863,1.29997518018882,0.803409085643126,1.20494140535792,1.01131074689563,0.984186819155452,1.06407833822226,1.01034936084991,1.16245769466832,0.905715419852475,0.737906062349318,1.14653280300155,0.972709430198616,0.911558162526329,1.09978790269827,1.04576363334026,0.815654797786791,1.13599651243107,1.00926467466708,1.20049316879716,0.949520469015141,1.01463031050421,0.837580003123828,0.978884808695138,0.966148251661349,0.970145711409528,0.95093084330057,0.958945838213624,0.964659597772273,1.07604456324787,0.800704966925205,1.07393233492469,0.697470475059129,0.749362633996355,0.897278988209795,1.01088914302934,0.853683201368755,1.07280173551245,0.868969051173553,0.719996651321384,0.700291404134878
Subject16_timefreq_fft_251222_1335_specparam.mat,0.746942787909148,0.776225076030611,0.730256549344114,0.939397373736238,0.683824724951793,0.908599910409386,1.26445541059501,0.650562723950423,0.713673748400463,0.572883282921103,0.927818993709148,0.790479758232156,0.337354873430262,0.894236987373304,0.726268851014709,0.698075237374185,0.750893694148558,0.774985314538688,1.02829651154755,0.964353153986414,1.00467002687096,0.750341458987377,0.555158611271254,0.845135005019594,0.752554703783285,0.464429798712536,0.481962754492674,0.983737527080043,0.808164695564042,0.895115750158846,0.849189060433579,0.929453304479102,0.606214783630854,1.16048897731935,0.889650252718892,0.827413264028811,0.745914930807764,0.696927605067096,0.972808656289609,1.11342543669338,0.404181045795096,0.78748987693797,0.897956439396819,0.987239133586243,0.3310104135839,1.16051166139208,0.903093103302122,0.984609242200513,0.284524910507942,0.844732275272704,0.5136194017958,0.96945000593075,0.862897117381969,0.974074530459276,1.04479479707014,0.696132720385604,0.957948829864895,1.11641131545,0.844716280983176,0.928651402221842,0.933648726723941,0.985945709399779,0.987901343518184,0.870489889648723,0.759172630420926,0.791054413112023,0.821321623137786,0.938214251142267,0.794706570429581,0.483486774595634,0.643499097228334,1.01365668514325,1.02749847087392,0.902382201843686,1.08161457510608,0.513527197192034,0.972765168821747,0.368663681386091,0.622672875437037,0.83481085014411,0.822368206133469,0.954764193708325,0.964518237249627,0.676728191641118,1.1967995183547,0.100349439118717,1.01253604392386,0.290441711260543,1.16268232203103,0.717381563474503,0.922622460881479,0.982026382184991,1.05749560478175,1.19263238523185,1.01622105295152,0.565466366044994,0.925407855084053,0.891231466891263,0.911352178793302,0.873785259533922,0.916334650062868,0.958291290150282,1.34193198572887,0.855188332941304,1.00906115444559,0.921340883871172,1.14200604951834,0.931335704392009,0.754237124930356,0.526310324592599,0.755114153258481,1.08837767569113,0.749193777379798,0.609978642826493,0.620436151367064,0.731057767999243,0.588189948347083,0.789994821204182,0.776873410180898,0.825499326903763,0.80384302905249,0.731558075086719,0.634499295591078,0.738767228403244,0.661959231594919,0.714243562541087,0.803166929313382,0.580792129101387
Subject17_timefreq_fft_251222_1336_specparam.mat,0.731843363099615,0.200305196023788,0.190112812895552,0.482099083659098,0.926594395709881,0.840214567801209,1.08248826370396,0.784740858367273,1.08243924806308,1.12129411690996,0.545120868908915,0.568534512505808,1.07488233114365,1.05189327350793,0.944955513085315,1.10967347997401,0.530218063063776,0.120888231046933,0.932350991727412,1.06091694661033,1.15676522236087,0.615476232436878,1.20393242113821,0.999915381855658,0.531952524398251,0.166010131647253,0.791882012084327,0.743038352634604,1.02238122924624,0.820161192166179,0.950518867549698,1.10757752067666,0.386678451510282,0.161338790945469,1.05740634324524,1.04617998548604,0.537525165500477,0.0315177597479438,0.766323032567835,0.836926053075189,0.378005863748877,0.477212576945898,1.22042720070317,1.00111445612058,0.454164447006776,0.714836259410868,1.11199425411968,0.950721961858076,1.18415349084995,0.469331721395443,1.12174334868453,0.952311863844176,1.08023080576742,1.03264650199513,1.20179386810654,1.02365515998011,1.0835718070535,1.03889101553679,0.466599930506794,1.10475156915788,0.277324061075288,0.973051848719493,1.11240863808689,0.954492509742973,0.299631349737563,0.0853770154855666,0.0697463736508462,0.0783354343567806,0.173996559022573,0.452135950936658,0.217746797663066,1.03920871627804,1.03311149168542,0.69555399555016,1.00752783335012,0.751342347437744,0.772776478594374,1.12776298890148,0.560795831097512,0.514401256856279,0.191112757651775,1.13895961162621,1.02880995948593,0.978048724399409,0.768092164760055,0.595553690756979,0.705004426457803,1.071960146987,0.518678899154099,0.977008615530502,0.034766257108168,1.19632434368383,0.971651823283515,1.09897813469379,0.97528765970576,0.958174979123579,0.0485277020355969,1.07380653804685,0.863717586913121,1.06470629165526,1.06167426738478,1.24288529543035,1.06452147354864,0.954340222931483,0.84768357296373,1.0666100983514,1.0426618550093,1.07226952642488,1.07436852114444,1.0730990923444,1.07602445674868,1.00966026549975,1.0945344415981,1.08721625843356,1.10592623985515,0.988397468103251,1.13268773495461,0.984969408464944,1.11064345155981,0.420197778429522,1.25134117081975,1.08704690665644,1.11884741763546,0.683949012743566,1.0401745821502,0.593324082539266,0.90766301130104,1.01782710043739
Subject18_timefreq_fft_251222_1336_specparam.mat,0.558131766761382,0.568370028735616,0.554150937784483,0.480744767716176,0.585158624895291,0.0277749774771808,0.572153320267717,0.567344962675986,0.567034807986682,0.54821768235173,0.607089318804482,0.569801161038765,0.551352911937106,0.561768619951056,0.569470657023572,0.558113932022317,1.96796573867284,0.580538438507837,1.61870400465438,0.582123376504646,1.11982710174234,0.580719260948884,0.579679887018457,0.587139286776496,0.56038552239769,0.574075101437636,0.558203913801621,0.546563165670752,0.578827175419522,0.563358094547906,0.580190581088375,0.571006169759976,0.550871347189644,0.561596787844483,0.56129604409119,0.65649774627159,0.557774824543975,0.573182440477063,0.547376888856129,1.50338498307303,0.545814584316722,0.585537414622646,0.56865880672752,0.572621125207653,0.566361179325969,0.560836020351969,0.574379630217943,0.571786412494653,0.572619312908517,0.555766993325413,0.588397315226362,0.570524271214258,0.56779693376621,0.553372656995714,0.577402772374155,0.571218841707297,0.574307264162212,0.560738512827118,1.9916871483577,0.572469013106004,1.48883115830512,0.578309053342153,1.60334705833446,0.575799520476067,1.00789765837729,0.736843304219898,0.419535969953518,1.11458511970354,0.890365193897762,1.11839538305895,1.10756232517814,0.80374960593075,0.781111360687686,0.874063422661045,0.930692224704721,0.687172915969271,0.646149382317591,0.269032651159751,0.5556914200551,0.769002121648573,0.856844396359331,0.759532713297853,0.589164376025333,1.16328353346816,0.841876546174734,0.593196705846749,0.125755908487973,0.701025199355072,1.15098927010627,0.361707313107496,0.672619003695289,0.670338852162463,0.762630889338548,0.740387284219191,0.749278546077129,0.730001627481549,0.742614367684592,0.685001620367175,0.664665539735031,0.696060173121229,0.655156719228913,0.690644019938345,0.73063403176482,0.633516154014302,1.09505145873742,0.915955607467248,0.789047284377459,0.701173751352457,0.626922210975642,0.809258452332506,0.801736272499202,0.736733995225637,0.716342169313844,0.825522566989277,0.780649677656377,0.770185225784624,0.775692810661059,0.832555158155312,0.75555135108629,0.829876019543195,0.78223934569297,0.805185606848109,0.780862440925961,0.927270589689317,0.849774140356158,0.829252981940897,0.794350658074929,0.867439246005205
Subject19_timefreq_fft_251222_1336_specparam.mat,1.0500081387465,1.16481711422584,1.23749032782594,0.759447172459838,0.986375781037059,1.03960527068351,1.21143016845267,1.28740471884844,1.14118218228754,1.41140572558771,1.41865122927884,1.01514687487903,1.13947485242295,1.21794921840536,1.18209716774211,1.09098329845265,0.982139603450281,1.58340119317932,1.03290264633701,1.11668388463022,1.30617995322932,0.900503170860703,1.67537119028713,1.57662870888289,0.811384209081343,1.43577354993832,1.05256245473926,1.09958448182434,1.07878169356443,1.25597173314372,0.725925274045714,1.28055387588076,1.21876457758248,1.0781813708831,1.29754887295701,1.31940155088355,1.43206592400483,1.54732813093272,1.14161809982227,0.607605822625641,1.06691921178936,0.728327556459836,0.937714950975395,1.06082403676595,1.43153781157506,0.649692922157695,0.971705112611478,1.14383976088322,1.05578166071377,1.07281918789261,1.1906992063694,1.18129021389283,1.1877578531745,1.38872523790152,1.28443556168674,1.313690440664,0.947326605416034,1.26259207051813,1.06683577014138,1.3972931455491,1.2505744782217,0.948564120049074,1.22617618155997,1.32350467165099,1.23886370593077,1.35187362321498,1.43323240298631,1.13292212093056,0.854859448632528,1.22137533756663,0.851376619679847,0.996986894542651,0.832455730572222,0.919689335482937,0.823944506913302,1.42568445563127,0.31670073055428,0.979957072349739,1.00107985406324,1.4101336164631,0.0504121933697344,0.924906528777021,1.24919378730887,1.14253820789148,1.03622605651523,1.00956501578406,1.03906579395434,0.869094363362768,1.05787226326673,1.15643908294569,1.17049931494968,1.15720423152286,1.02184584500449,1.10197902973291,0.983625634355854,0.995848882464875,1.21423291203391,1.29294500413945,1.18825918247118,1.19502475134103,1.21474112266315,1.1044309710411,1.29240575356662,0.962323393425831,0.883341000706956,1.2010566715512,1.17733677269888,1.48908801242029,0.950786056156336,1.32573541837818,1.14038221593555,1.08562077897761,1.17542134121532,1.18201723901547,1.20271012933255,1.26886895508745,1.1182362171561,0.957857615806398,1.23192192948095,1.46997274376912,1.25995095011178,0.749186827148465,1.11066725987769,0.726685268064919,1.07877446002149,1.04196959683622,1.16010486955317,0.91084312072496
Subject20_timefreq_fft_251222_1336_specparam.mat,0.430268606603924,0.796395628209535,0.377610721341268,0.918096182597364,1.32839931918712,1.0539319675499,1.49178171458198,1.22496149637616,1.12638849072256,1.22240068138584,1.29313789327098,1.39323123315235,1.44066059746213,1.38998042321884,1.23308098258656,1.23212343032272,1.13130375708612,0.560130127895371,0.99761889296112,1.1672032244247,1.18325524348373,0.788888728581693,0.820691670633013,1.25313929999616,1.23094716190693,1.35894482804017,1.02645409873821,1.05433501682524,1.40463847412644,1.42612141404633,0.409568921595267,1.41961308393548,1.21672689362677,1.39402292407988,1.38708457782694,0.871243285377372,0.959473021012772,0.771567314793018,1.00001459170331,1.05561708893122,1.1508919166701,1.09582883907751,0.996789050962209,1.21387948920555,1.2217873288095,1.24345331305445,1.19100006122449,1.09815247053561,1.12677872253956,1.11310774083958,1.35264289473027,1.09531863769937,0.385618563401845,1.25034196015906,1.23100640394295,1.00683199572111,1.51939885750276,1.28673045827752,1.25851426935423,1.22520737819438,0.53126816858263,1.11760185186109,1.0740863653134,1.221009699067,0.55660932159371,0.896770027324457,0.109582564314498,1.27321798045166,1.18861141252781,1.23325891899945,0.952377077678137,0.865972706403421,0.997801327669743,0.990409861531966,1.57129946321752,1.31195438319559,1.08057089469142,1.15711672506,0.685041301207679,1.42053074651123,1.40700062277899,1.13337029656027,1.09363101753322,1.46713144374576,1.07712255974806,1.16802708464525,1.40191264050317,0.928003226065505,1.40350857865722,1.17598469391936,1.40206121485921,0.966938211769987,0.274484260050917,1.14488764378934,1.07065770465416,1.19637191841819,1.38297199531085,1.16748765011203,0.641500864346814,1.45584090096839,1.40341912451963,1.17037390903927,1.09639984967491,1.16495998394919,1.24230146812818,1.47840300890193,1.25846974993021,1.24656891908168,1.21937500780883,1.23692451173167,0.606473465630475,1.25545831617952,1.25289656065444,1.27681187499419,0.880730374560267,1.29234796559182,0.926363312698582,1.04206136319286,1.37278451689107,1.25063213826109,1.44756686506531,1.234506906364,1.23286119445207,1.24117921423643,0.656775074203761,1.24346878924226,1.39283512604297,1.23721820626036
Subject21_timefreq_fft_251222_1336_specparam.mat,0.743324861194895,0.65671977331911,0.719222956757954,0.547426835941787,0.999822521432074,0.829719233412807,0.985295812634649,0.813271311459844,0.804613855968315,0.906919841284516,0.70614348724283,0.887326472014851,0.751944009631965,0.981240856909017,0.779957854689062,0.709324145393499,0.744455196194086,0.655691058217619,0.781088366525975,0.692888273844623,1.05943774295953,0.869017079351152,1.05183099931747,0.956584572002776,0.757019856121339,0.710504649875875,0.820103740100003,0.860235379796167,0.793412492929721,0.950705072007029,0.777941424568326,0.615401412911752,0.750410480163116,0.893397923668472,0.769500785359865,0.723268106662028,0.744577590882717,0.658501906011725,0.826654386695374,0.884195525575539,0.804270464370143,0.939592842137138,0.731083894638293,0.877269703380347,0.877340764330568,0.899662090842859,0.777312871733327,0.88265457743378,1.00209496396551,1.02032650383004,0.906090455404828,0.835755380179259,0.763997059399716,0.874585234441665,0.822979683061989,0.95684869436069,0.765304376933794,0.736072839797276,0.641078850315428,0.787393694380444,0.74238579280742,0.876252100174885,0.857674456544477,1.07949530437993,0.660008326488598,0.621487231818836,0.828027325423425,0.763851279687004,0.693909721010183,0.771862438265179,0.693000225066413,0.940828932044705,0.69720803624383,0.842775049289198,0.899756500507196,0.851772477980477,0.87625606105002,0.987053133817928,0.729019533353622,0.77266780701681,0.653156184763077,0.771005362480169,0.844135201974624,1.0265408289714,1.12308982645979,0.80104899896894,0.98370063348262,0.771055923420234,0.922431436726769,0.766697792185604,0.828514505600639,0.761000264879198,0.797465015311449,1.03967876075528,0.837474676926055,1.03445014454284,0.765467111130237,0.778732168620878,0.962280680182393,0.778898543569504,0.98342561076949,1.08892890167137,0.931179806370507,0.76786385958671,0.808599947325895,0.79321184446899,0.675131341139572,0.77842211201697,0.700722552724731,0.780068994118994,0.705143387337417,0.853111607836655,0.865230295969468,0.786303319967753,0.622601131019727,0.781360238665907,0.557062622501631,0.935756881719587,0.746768560404129,0.781585207225888,0.785639117962699,0.761168727427665,0.634714042988311,0.768325787665004,0.712654759485233,0.588442992820127,0.688119881096705,0.792114469066315
Subject22_timefreq_fft_251222_1336_specparam.mat,1.38418107609903,1.34431352013938,1.38943960152211,1.16774772336442,0.819584636695783,1.17097795719592,1.37051645257542,1.31023316551206,1.14329346199408,0.713341678757522,1.35033718982421,1.6258569147207,1.17302894794147,1.34625388802514,1.15110855816781,1.24762319851566,1.38122326002553,1.65136873319367,1.08026726952199,1.03375124511053,1.58830529410772,1.20890976154773,1.23043313782403,0.738703298915062,1.36802174599499,1.64595184379927,1.06619677211097,1.23405387169931,1.6966604094277,1.33465869579211,1.64465292499401,1.43708850733596,1.38265196218797,1.4152974838438,0.948618018081903,0.419866816779893,1.39947280435713,1.58582490352657,1.53539453997699,1.15461431420595,1.32463959448988,1.24343477056479,1.56539403509065,1.35126113854363,0.874469161272623,1.19448657972547,1.2329580495114,1.38228445231076,1.61607855742985,1.17889818627394,1.67961602866732,1.45813454084547,1.42008218296437,1.37443457675153,1.1141753315341,1.62569004624986,1.5601437154065,1.43960876571445,0.646156358225707,1.24401259138794,1.28945920017509,0.730348208664418,1.55900171863291,1.5321423142712,0.94291599388841,1.38078684651873,1.41520791023439,1.36699488227845,1.68590222552574,0.83776354810652,1.42146072300717,1.58516219800845,1.53960815833646,1.3399595382595,1.32165748626128,1.14252684738024,1.17582262681743,1.31806504114866,1.26755856104629,1.32500912547562,1.65820771963306,1.1856424500526,1.4930168330949,1.05962573774207,1.19304799542883,0.855635970866379,1.30103512043404,0.628868075511226,0.909807915523442,1.19823647873624,1.00879563093049,1.57243315775657,1.36952717722638,1.57737343958419,0.952272522736943,1.67530098334443,1.36200532447157,0.667393684530171,1.15827403835511,1.18339671083172,1.36118955685603,1.64515176194712,1.48985457954283,1.35540012804595,1.37814219247144,1.41152610498414,1.40311507577502,1.16669805550532,1.30783979799148,1.13935703429782,1.30406296791475,1.5659599735765,1.68775352702276,1.13946704154153,1.28024954981656,1.12248740370702,1.52102150326676,1.21195505887108,1.28322634814045,0.679649951939931,1.39039827050889,1.13877886292812,1.26881520330786,1.2347809710673,0.865201654568192,1.12585398877124,0.725339616294823,1.23447171444791
Subject23_timefreq_fft_251222_1336_specparam.mat,0.535482949846877,0.776811847772735,0.773957511312182,1.07493847214966,1.14144839480558,1.06347834459397,1.01390034805035,0.940053855217374,0.964941490377601,0.849784621349734,1.17206336547421,0.579831431807729,0.945832750662142,0.760472724652002,0.951504054613793,0.915049710809916,0.821756449663358,0.621996344454213,1.30580428576209,1.07325988420836,0.619386740734275,0.878725393756321,1.42738199945233,0.976960772468286,1.01130874181721,0.71380504857809,0.870434286157965,1.06790631980965,1.01587155807022,1.03240992125826,1.0966972855885,0.965978530949871,1.01329784595857,0.657826683664625,0.889201013113515,0.725990052273597,0.681876570892524,1.01826551213532,1.04276307310786,0.932706507097007,0.806356196851975,0.706275552775838,1.13739477503297,0.67880620125109,0.669585538527314,0.752301093112046,1.07684665850437,1.09566697051081,0.974317484322404,1.10343019737947,0.834189133970807,1.1025912296784,0.980374759188077,1.17096319588176,1.09146652060428,1.07298098028399,0.900924225552905,0.868056332876211,1.13216218372627,0.950956340309657,1.1471080283999,0.92875695811737,0.973276925767278,1.02516658942577,0.690447894764542,0.627902396544937,1.10741261789226,1.01924808084286,0.576834224108116,0.59787042171191,1.02613968968382,1.02136809266151,1.1781429169186,1.0228913426543,1.16815752134405,0.937102609529718,1.08155819285829,0.765566302012141,0.889436232017546,1.02012791818374,0.498340968010786,1.1252826120988,1.22303992211499,1.06001760114753,1.08747296301937,0.65526636261246,0.858651397239955,0.924784050826182,0.728222837754953,0.911247822151428,0.755776381237578,1.17591127204609,0.78153806314271,1.11142481905791,1.10285368748753,0.978506829210825,1.24139046141916,0.944076449426436,1.04150308538269,0.932423577368729,0.755570918080992,0.992901668230175,1.1393301064732,0.994225396549915,1.08744291968604,1.11949242698822,0.565058624488263,0.898184867501257,0.605778178520987,0.890766055633253,0.928023075838653,0.973020641790624,1.16172637669605,0.92513473922998,0.920156252748773,0.97172150626492,0.957501779099869,0.890329327864316,0.952379921780849,0.906071148732265,0.908157243853978,1.00641025464895,0.609879510352761,0.914633748350487,0.525581265651475,0.745829407748289,0.907849792962675,0.90942295689807
Subject24_timefreq_fft_251222_1336_specparam.mat,0.674296519574658,0.298840028329533,0.667812137946076,0.176663861089586,0.320726436337194,0.692209247295001,0.604775185615438,0.790059768155343,0.759551939048984,0.700027566078565,0.745309733766743,0.633820395345817,0.173547518477628,0.678478153526701,0.762102768590665,0.66026295442377,0.683219883529528,0.576223311509619,0.852008013248866,0.827322228079124,0.903089610712585,0.762915314209867,0.68351649385214,0.0210434692637615,0.698239865503434,0.588899864770125,0.490082187117082,0.692080561350892,0.811722952495665,0.773367351364282,0.766973343577381,0.857128132510883,0.149659116833267,0.655124339686597,0.272386319242607,0.42588809665376,0.66965657216739,0.176192305228099,0.671778376410961,0.780957308044924,0.509536374305544,0.377833099931138,0.72388710808967,0.855140752350822,0.340137737636515,0.659772051215265,0.748415505876979,0.886525528070423,0.321968102642583,0.688767679909867,0.80389222773018,0.800493007027976,0.147543129647101,0.784697319498925,0.734344962188366,0.881738687780566,0.6662747769083,1.04251458864303,0.763829842223671,0.403981329277109,0.384988134442607,0.895884848755839,0.826767882790977,0.896062408052621,0.340708873958692,0.643541659087911,0.205508977437853,0.748357242302893,0.860076135131761,0.744519255026062,0.845878061704777,0.328033846672064,0.993136612432224,0.982039827089394,0.655602088788044,0.491327988931435,0.447547074306543,0.531342399905314,0.717976071440613,1.04441392600215,0.663824090538122,0.895227489350647,0.894287147150151,0.328822913702738,0.681794174507651,0.31892455598997,0.67474923826421,0.136652017770471,0.677978815334437,0.14224688731915,0.67575193804319,0.773671841546624,0.909525836505958,0.824750215355043,0.883250550476987,0.321568126869515,0.753377181314033,0.141515687786097,0.447790649884805,0.138606529215132,0.415537516130455,0.845678193525959,0.81368341691928,0.632308319091609,0.757812063499786,0.680808790662541,0.748309839789817,0.633804637503811,0.416846502139793,0.754154772725072,0.391373578096937,0.556865685642758,0.688242341794328,0.683424918272539,0.63751268031333,0.768654937636556,0.688303530549269,0.752324324944178,0.838343417281427,0.597096870050537,0.679688251977612,0.804727478539118,0.400939793297824,0.766434468453533,0.571706679135012,0.767870724220661,0.682001753558947,0.194673752016995
Subject25_timefreq_fft_251222_1336_specparam.mat,0.757299424257433,0.304491214372147,0.675601831346959,0.328131937279066,0.329024379220669,0.708998013048448,0.802923011626187,0.787813944114411,0.793645353929505,0.717237011231784,0.759297349018832,0.653243525936194,0.202636640968554,0.699956782667505,0.801456510508568,0.677183118570117,0.764640076132667,0.592599608834684,0.86224551171322,0.839529217234787,0.918606211719563,0.778893252809975,0.561248299448398,0.0208685686962089,0.716161407612435,0.606357020388832,0.503957341354177,0.706132632917141,0.827174430290028,0.769158538918279,0.806215489354316,0.870478433785341,0.178029062002217,0.676149995550568,0.285822695773665,0.435380376479009,0.752874452205658,0.184883263909398,0.680175420090441,0.814393028980175,0.193461791807099,0.371854106956797,0.747200492935696,0.865295846988394,0.33485208030846,0.774770908651361,0.775395582035969,0.900642595062863,0.322096251562934,0.700532569479198,0.790435683006571,0.823775347594971,0.175900389323057,0.785885198015756,0.753054212674455,0.877903711595975,0.731077843540847,1.04088305491738,0.802609683190938,0.411725889088579,0.391253675094591,0.915329200646211,0.836811294109339,0.920615068940685,0.352622816556568,0.658076386432276,0.215817042491726,0.771396218946429,0.626117930518617,0.76772947672703,0.80302268821701,0.338728563587059,1.00195371388984,0.969959217280168,0.638542634282165,0.507172929373453,0.452828118181173,0.203019738176766,0.753733790243554,0.887215751891679,0.678155220312242,0.90909222012565,0.908274369080951,0.325258204854348,0.703043241649625,0.3173931406024,0.70011279712298,0.163436859112285,0.692751377619464,0.170778539549878,0.690919347746377,0.793056370871499,0.930048361470986,0.832729778028896,0.892379436997874,0.320962265426107,0.752965278051943,0.169691483390004,0.457291647731584,0.166076986139957,0.425724927126773,0.858659289723797,0.83401709263791,0.645853448907474,0.757750827150745,0.728806941858909,0.754791304135255,0.647655500609476,0.427312978053218,0.796568222652276,0.437840167259586,0.584754593793516,0.706807682434513,0.708505692601022,0.655941090865137,0.807923623577117,0.707078452547374,0.793043138879845,0.854345392833099,0.815625049499834,0.698122706548784,0.840476030870973,0.409194636473186,0.806992800257886,0.594077385482105,0.808164599669664,0.701304900667297,0.200594489011622
Subject26_timefreq_fft_251222_1336_specparam.mat,0.952547174751231,0.840185742994057,0.929827678358269,0.690248729570652,0.583483866616564,1.03252318684202,0.489180104189374,0.866553063652192,0.739113009767742,0.928741311471552,0.942861541543923,0.983066559536427,0.724402298440404,0.339109473480805,0.673336047522536,0.718744392973348,0.881046878267462,0.483897301696638,1.15078400549972,1.11195856422759,0.872687372288149,0.939421371660398,1.10194143344244,0.730632284703726,0.924403382083068,0.840365660745438,0.997902292444947,1.1195509498109,0.66543502816788,0.821524620513268,1.04644070179401,0.907819649638371,0.935139326322526,0.776695202688982,0.72766640090471,0.634866794930355,0.827836556571282,0.840112653924903,0.778166512099239,0.843521756151922,0.789703420951495,0.71739873605354,0.956815531689485,0.829622439238534,0.73461313806391,0.614973521502322,0.866321617566642,1.14285057024216,0.767522040033106,0.792043207004728,0.762271573824359,0.90056302491517,0.7928200611627,0.808116639465519,0.832187586055592,0.830127759197058,0.752135648208885,0.857670538645719,0.814787983648468,0.969745794747649,0.938453212719257,1.12347092705626,0.933477955098881,0.717350133353572,0.867695011114722,0.748449528246678,0.776503066852736,0.846803652651099,1.06043845084522,0.868916830289159,0.826787056648162,1.00409828281332,1.04293129790398,1.15164785444466,0.802827495720818,1.00627373101957,0.782013940535734,0.6608260168831,0.622337426380045,0.914503593575092,0.637686090426774,0.704795916131995,0.888983660702819,0.912940688619435,0.603490889387638,0.763072207764972,0.704770821159206,1.09775535496538,0.378696169993525,0.584687456898418,0.930589316178634,0.907642585392774,0.971847752897777,0.837982639328173,0.796086850500462,0.934154158814697,0.784228855813271,0.77356840596671,0.797214351836596,0.911410883983623,0.317789612925065,0.758798716160322,0.920417741595001,0.801168888401893,0.940883727420395,0.771723873520753,1.00933195113855,0.766890159737649,0.868153940028296,0.960192815336666,0.67738459779054,0.622962344344508,0.832892112684914,0.883530359894401,0.625470909929501,0.682085483969945,0.841586630878723,0.783081235321707,0.672557756383445,0.714372748757429,1.00225406035826,0.588663799139973,0.934250938039017,0.691413588022439,0.682881449187413,0.715819494269939,0.942266750551569,0.648429391405625
Subject27_timefreq_fft_251222_1336_specparam.mat,1.73652338835884,1.6052105965943,1.38959468558946,1.22471820493387,1.1511628833894,1.14602748841615,1.01060451741841,0.850849892433486,1.23464110529054,1.29821526525595,1.31173708245119,1.591681948775,0.835457076896942,0.823207990078352,1.00219359012358,1.30292094301586,1.73704355219757,1.59713627619772,0.974406555943229,1.28545684364868,0.996560455125039,1.19045251315067,1.41503777261663,1.55328734026144,1.73568330760959,1.31711760250419,1.02649685446141,1.1821180891119,1.14671904499446,1.23546146952134,1.22003479684312,1.22316136541689,0.740868007863389,0.944989496670356,1.21831190088905,1.33208182968675,1.48752388979782,1.60309227552174,1.16686184129355,1.01070321226346,1.67775665365695,1.32354239163519,1.28021448749845,1.12165785287783,1.67067512606543,1.20244630007556,1.30917594422468,1.2870114915853,1.12623821252205,1.21244100198681,1.19789771253558,0.6752277389371,0.874654257914534,1.29624056600874,1.40751584497312,1.18364629353064,1.32529192553368,1.30002170028255,1.22591787591202,1.21915928403949,1.40579245834365,1.31784052455084,1.28728952466346,1.20661960492358,1.70820568594113,1.71785344662052,1.60237856715458,1.42726735559605,1.58583833209099,1.74319910261302,1.31051127643851,1.04806604526418,0.995616686924777,1.28532168837429,1.23892353981445,1.16840847965877,1.17958932635385,1.67267661489668,1.57528284255409,0.901592337718293,1.58283235112633,1.03802132739569,1.28876818603401,1.16342197067623,1.14941006329752,1.16409030827085,0.946653909726958,0.843125531099992,1.45483393682533,1.06038388799871,1.20104985108455,1.30069876741126,1.20406133058038,1.37016850154133,1.2881244557192,1.12948168075756,0.962647277156515,1.06802079939075,1.29672894427724,1.21564177918849,1.3182600916203,1.310869150433,1.23115886780899,1.15371356320348,1.23843437491559,0.650401167512285,1.23262128759375,1.20852920184789,1.3203713592029,1.21183282736621,1.34439702883932,1.0779667516579,1.2127851315346,1.20813699822385,1.29717150274214,1.21140936862314,1.20973787612086,1.21745258367372,1.0979449731662,0.989034008139129,1.30042208238547,1.21904091601693,1.01784489119291,1.29961007730439,1.28487263559766,1.21721387671704,1.29561214386864,1.29849230526108
Subject28_timefreq_fft_251222_1336_specparam.mat,0.837488038422296,0.261049185380819,1.06406664619228,0.327929163120047,0.779908452750287,0.453964985218022,0.694123873404362,0.727394382935358,0.859559499047558,0.728381994943695,0.9690781027076,0.693111755080391,0.821058840226171,0.64415548923383,0.882799093394187,0.784622839244711,0.843869162159324,0.0479989566108055,0.939768885348587,0.959584511083445,0.993748605210375,1.55059203739105,1.20645179373088,0.518013481785454,0.826119506040609,0.122733646923226,0.76862456977719,0.400273526578599,0.522386249253385,0.85705760583182,0.847906027632237,0.532277435530031,0.824180738896557,0.717738917092001,0.779826247019125,0.945314841053888,1.3523829074523,0.097822006328441,0.908120842452478,0.613588322892127,0.7955622041788,0.703397616724623,0.913736952937359,0.908684248373008,0.808353291641252,0.825792834675001,0.67279259940335,0.961136740193218,0.607928306142407,0.829886011172544,1.37725815693895,0.852855578797993,0.793274751449522,0.514012868064037,0.695931133167267,0.989607803155739,0.606034913499371,0.261170887270975,0.872595276644958,0.69663949448258,0.706367790006464,0.940639346862937,0.947452559517783,1.12727389075165,0.416763879973382,0.981526512991673,0.689623417304367,0.638299222206191,0.869085758879889,0.863634897995134,0.0614524751382641,0.968314602829863,0.98079584986752,0.944837643818653,0.629636482842565,0.787410327543344,0.371448418913287,0.758917255828463,0.710680610021552,0.778156673733482,0.710573848383528,0.969846937511935,0.997560736369894,0.717840624075183,0.435850224689306,0.746689920485906,0.186758196076308,1.20086171233669,0.624015775732466,0.779013871528603,0.625900930332614,0.974864725883743,1.00384834668447,0.801997988260309,0.813989609911424,0.668319160129229,0.815408073494603,0.721144007813855,0.366717622490562,0.713611995869846,0.893490891092918,0.961700076929751,0.999468595973425,0.689066624153111,0.734204849319067,0.925668217125014,0.483195112185223,0.698290620240974,0.607361423078809,0.720568873776838,0.53849484214056,0.687160604313314,1.09375052445568,0.738274841619,0.838221126891315,0.688050968954735,0.783802627852203,0.781614865899092,0.818925286915054,0.680436349567625,0.58425661679946,0.689830925932539,0.839095329551535,0.812711932986652,0.929757372526061,0.681096577030617,1.1432329631284,1.14666702598734
Subject29_timefreq_fft_251222_1336_specparam.mat,0.108705306069664,0.0869335619965809,0.0441214404937705,0.00147088497739939,0.707241096730997,0.48754074835079,0.916181864132496,0.387871056938367,0.948266406097416,0.160162571281813,0.298594373654878,0.424868275377409,0.553967914820363,0.193567949537556,0.371845501332453,0.605581581442551,0.0918383624781066,0.446269675236104,0.744076073532976,0.847012126585889,1.03150666155921,0.491280883376414,1.06788838607125,1.53636462696262,0.069168402743896,0.30147907653583,0.040066635894764,0.161186429607159,0.575087211896942,0.662751958610809,0.630137520969966,0.43749254811309,0.424373550450876,0.086742350536805,0.380918593887724,0.250175948368515,0.260938341720826,0.516629761753249,0.415400603513622,0.614750532867272,0.612720805155509,0.332660793376578,0.552806299260426,0.0358993809064843,0.125393079185702,0.221086132551316,0.577666704015393,0.857475422605991,0.0245794745738417,0.011076915318776,0.754251933145297,0.6998581054793,0.625529886627766,0.0363905482877098,1.06399142243962,0.976268540130711,0.795476535925977,0.159611289643002,0.221607285470464,0.817593700375122,0.773121717735723,0.623959508977117,0.919281087867687,1.02375138849205,0.831319045858024,0.220714409485561,0.136421713484447,0.145175207611784,0.512103899486787,0.0583850411298714,0.113920289300478,0.424002679161038,1.00430407242886,0.240810757755769,0.149063402835291,0.0329543014530805,0.0393146594762537,0.401531401555828,0.255361752649372,0.179269012492486,0.178625440580834,0.538366287272426,0.509132715982458,0.677223130236998,0.436197407844564,0.125447594962391,0.211438248466337,0.534684998342526,0.214160580920528,0.633044078027027,0.0458966406051091,0.838938595499451,0.634879764673145,0.710231258200216,0.392464078665203,0.785896724767238,0.363371116441227,0.628416671990161,0.363106169178964,0.387185153482421,0.0723551746919771,1.0955958027454,0.468121532490143,0.913634713936861,0.630393203400793,0.0663007679573722,0.900422754421104,0.673513957493406,0.656583258520281,0.724442254241688,0.885533187884524,0.998115548383951,1.01988128946436,0.814727939817855,0.919641840788914,0.995315291016352,1.41976916836603,0.990717780902145,0.81732746386268,0.535602149526101,0.313055608821126,0.587061191541138,0.912567171842187,0.850797654486445,0.417468040852899,0.19880493834768,0.915123851707336,0.853780546723032
Subject30_timefreq_fft_251222_1336_specparam.mat,0.952264680643465,0.554794694550942,0.625880595021,0.693235523747597,0.811336766859154,0.690917808881264,0.913448153733856,0.381115433639205,0.891022877024316,0.901008540925912,0.982965663403393,0.899425343203759,0.797253959422576,0.931615249349503,0.831306486929337,0.920003419998806,0.744763609638941,0.547594706617611,1.15439772255464,0.876451007529201,1.02480807541822,0.907698377451862,0.903598954381176,1.07561051448448,0.462684338511643,0.547144373958174,0.807206766696051,0.732966098013653,0.9154414666188,0.950502992679912,0.134591792932246,0.929108417435374,0.424242649550775,0.940092709887373,0.227448871635586,0.928624380713033,0.95650951244619,0.54870260433336,1.00837504631016,0.68346601354812,0.91204662135258,0.929817684607931,1.0575709522487,0.847422851768253,0.770012919119638,0.928626580001616,1.05167054114798,0.69101808609444,0.485602116543483,0.924076745491058,0.925714346770148,0.681370988962293,0.669880806598095,0.922371884148181,1.09146234101495,1.02659233026511,0.909283755015833,0.928032028730475,0.865118858887495,0.92127923290013,0.963274456250067,0.948926616085931,1.02998161681591,1.09295872706805,0.763855511992912,0.951343260081762,0.378826299912811,0.496972212594939,0.533116875097094,0.498510563184019,0.38116695466675,0.981274055590432,0.942848601924967,1.02113974872453,0.699984109033937,0.733860515372625,0.697359658732588,1.12418528428803,0.942989246758145,0.954642244740001,0.95319862876855,1.01705824731259,0.84285144398467,0.830515491632636,0.69728304712935,0.421268401267801,0.442163468074758,0.779054186022895,0.947402916945087,0.77697185801698,0.944998253792386,0.90604637752413,0.727901187461612,0.807653143736762,0.695947468375841,1.26245239128999,0.938388082849026,0.685762054733365,0.945405641482362,0.244139554335727,0.944288497838027,1.01849001347674,1.02249499825285,0.920729432260081,0.940923930771442,0.67186088414747,0.717027633771743,0.593446980022394,0.942764662168486,0.595675059358441,0.939703746250962,0.921124365150064,0.935288561810448,0.846428292141148,0.937513825919147,0.571718621342058,0.931451369484773,0.916309043758331,0.937695182016007,0.921352098511889,0.927237901604611,0.862136557862358,0.92896660170368,0.915459576844946,0.924070495556354,0.269465104300485,0.928683063906202,0.927540713717323
Subject31_timefreq_fft_251222_1336_specparam.mat,1.32469594627756,1.27817633991047,1.30980504308529,1.13355995906584,1.24366792413839,1.09702503366451,1.23103900265125,0.853106325796835,1.18573109808592,0.966936388598484,1.3195307250115,1.29477386107542,1.29008768244322,1.23589414156692,0.824907875376433,1.05894936921637,1.32815010811751,1.30507935685135,1.1481866761539,1.13036715350572,1.12604420527794,1.4322269898425,1.1655414969352,1.22493895497327,1.33722541536792,1.20975340143041,1.31055051528519,0.9390963740741,1.243353533674,0.875386164192574,1.23064907420677,1.16846274606411,1.31033771213081,1.29559361964281,1.26886306070412,0.309598836418214,1.30840018748386,0.960129282451258,1.12717418240663,0.924964616292505,1.30753350565559,1.25862191442482,1.14768008496715,0.403108575675392,1.2958773982959,1.09571533909272,1.19537482645578,1.12859239768769,1.25320441304607,0.485804012154033,1.12483534881093,1.35926777329048,1.23907415763673,1.25069036606851,1.20288059328504,1.21009496983465,1.23151669448855,1.24959286354033,1.22383281812506,1.16840424872129,1.21658437951513,1.04155336802563,1.13769058245209,0.383485576644765,0.48762427554637,1.33750811565477,1.26328994566399,1.33418147327557,0.484940368805563,1.34246219577184,0.558510092397959,1.11842243171296,1.15857801800148,0.598063616810072,1.16126164547466,1.32076943592297,1.16715592973804,1.31968797110415,1.29811298066743,1.3193335843168,1.31413855446552,1.20389453666612,1.06173979805213,1.23327882026599,1.16828695154411,0.531338282383041,1.269906650923,1.29722406368909,0.351016387971475,1.29916811822735,1.26485943670798,1.12886054842153,1.05567980980024,1.21600775348738,1.5146904101324,1.25298790083222,1.26479172934549,1.28963983690999,0.5304708897373,1.27474341956044,1.26690715700801,1.13189811906084,0.401813826484001,1.23253950927593,1.1438068861714,1.22558464539386,1.26796747431505,1.24271895596754,1.16621837493854,1.21842247386826,0.739030201347369,1.1769221774311,1.32802559079707,1.20521328419528,1.11534297929986,1.17750403595554,0.651360912721934,1.21367532856704,1.16799078430251,1.20550303587851,1.0473140684176,1.21180201265323,1.04557906321532,1.20965345803175,1.18558926730638,1.20249760293871,1.01993622448385,1.5552683169025
Subject32_timefreq_fft_251222_1336_specparam.mat,0.707533447959504,0.0827523576384024,0.514804459829423,0.744062858236225,0.341877747558188,0.204298740871806,0.537717611081274,0.475853852115035,0.443541829479983,0.207987218061408,0.46447350768151,0.574872840888409,0.622054296812312,0.614369475798236,0.682833883240411,0.549149029639921,0.451342586820948,0.30502723149709,0.82151603248545,0.582915015801987,0.424873272778536,0.603962291115152,0.500356129514359,0.419689741824992,0.529667654730399,0.0228431615259918,0.727472176889515,0.382419462974164,0.328830249607128,0.240057570893289,0.633822404860656,0.580359289641708,0.289564386700214,0.40421403964158,0.337843955129178,0.432352202573285,0.488767908306257,0.573921469573649,0.75348413486421,0.81925708835356,0.581194276926596,0.239428006589148,0.761798531057691,0.636060939262675,0.332643780671436,0.22481085486557,0.606090978133546,0.541899279828292,0.351445005523785,0.789229495915086,0.582432727266702,0.533412206269767,0.225712694965558,0.761556078022389,0.585589662912,0.691866965791959,0.196245529542273,0.384241207250526,0.271091580884215,0.523176506739262,0.81389144043176,0.890104177989086,0.583253782396812,0.439651331395002,0.524542962233793,0.283107966769226,0.753908421467806,0.470220600845931,0.762561842337661,0.4346439879914,0.628676464240544,0.748980639646421,0.883115280539066,0.751941686429662,0.63219277954936,0.542397343622593,0.442246197921245,0.534173794153525,0.474628746359139,0.521401310864681,0.599353901055268,0.670642070082547,0.716967598578852,0.489059948475496,0.327474644421836,0.583689394446604,0.592498830209846,0.247222775909645,0.371028784989527,0.391935920751726,0.304402931327095,0.56423834931573,0.523959353211059,0.569293315976088,0.520461255474064,0.335163084492713,0.2550148363953,0.448900311554203,0.321982781350355,0.235793180693435,0.53809389991816,0.57193675827496,0.591723502847878,0.445972497744183,0.888189931108364,0.351487826476926,0.2049812705494,0.323957210772655,0.535974318932384,0.795082413801869,0.336401650404762,0.405469389710487,0.38849678726831,0.49424903954989,0.50426045730948,0.44087840031789,0.589349982189521,0.562808866375457,0.760057894898452,0.699220546737793,0.627598002260141,0.470762338056063,0.418270867704457,1.13253605130075,0.949137623592359,0.567835206611555,0.604700660318672,0.354618197147122
Subject33_timefreq_fft_251222_1336_specparam.mat,0.83526958472832,0.0654134012019483,0.0720237681849038,0.497876366782597,0.959232743640559,0.775116042454091,1.0931210117185,0.859783186227068,1.09058922939109,1.12594520604568,0.625883333701931,0.632105462538834,1.06989606392806,1.04313286947827,0.956415807950718,1.11350094434183,0.631223252966187,0.126896971085917,0.943124617464843,1.09079588808448,1.15674432949153,0.61827317136611,1.11597708960006,1.00403748384637,0.623341660877227,0.397917600633297,0.859718255861473,0.743003502302897,1.29451351378875,0.824455904402954,0.973379414527702,1.12163080239782,0.356119864952672,0.169560006653154,1.08465931662903,1.0456067929679,0.631055506002329,0.160136353853986,0.78724322358251,0.799444912559077,0.308092513864837,0.498751521105967,1.23888867661136,1.00961718376217,0.76093886751103,0.170162567828291,1.12031974586111,0.984973924171839,1.1912366861992,0.345435617778969,1.12075854462165,0.988745060916035,1.08604577989899,1.02278359834217,1.27487639185307,1.01685763201996,1.09591557433432,1.03732647619983,0.51077708041653,1.11861543797955,0.280232510994715,0.471212046759177,1.10872094375519,0.978217457804559,0.44660055917092,0.10320448655335,0.0382272859806916,0.110335712338838,0.143421900290173,0.469327051975513,0.065495524668291,1.06604233842249,0.526993170086116,0.689570302228421,1.01162373916701,0.764161248783025,0.741099452609424,1.10886177647083,0.523518692576769,0.596285139641958,0.151383615443598,1.12509695567817,1.01561958195715,0.946641956421263,0.747699607606061,0.279931505770839,0.653622156030093,1.07516780031153,0.543886054654322,1.08410954887416,0.342067793812845,1.15038113475639,1.00808826354053,1.08549169172495,1.00540707976838,0.960859288124835,0.0276746526375462,1.08656976787389,0.830763722833933,1.084216567579,1.05737186209277,1.19947043092017,1.03366716494953,0.96945255855869,0.830660327932374,1.09736792520122,1.03231399265288,1.09232933496135,1.07104861335161,1.09496369521896,1.07399102523325,0.998740635856414,1.13468515715901,1.09479122284948,1.09434735998263,1.09448374376538,1.1392481998645,1.09468295798134,1.11632536177784,0.303086862771118,1.23261286012561,1.09679989394758,1.12653177982806,0.444099712622192,1.04511484673201,0.588594858308306,0.886388865161622,0.40090307148517
Subject34_timefreq_fft_251222_1336_specparam.mat,0.694092954649189,0.214262718488957,0.947034456968356,1.59020069060649,0.622610501788029,1.44190344546281,0.86445578387668,0.722565022062897,1.64095465497129,0.503777699441298,1.17007666001307,1.41787647534389,1.05643670203617,0.339172957480246,1.44362909210989,0.385203303131784,1.54337211092795,0.333497976862066,0.388313502581614,0.65009028724658,0.369353217061492,0.451987071870542,0.521807544550309,0.856888267108164,0.32297908956962,0.93395280448713,1.15182700424932,0.706569311976664,0.205740747476836,1.39681105214857,0.476728476927168,1.56213078546056,1.40601708214222,0.427050442693449,0.36818725035338,1.23628051826783,0.316722335195252,0.518027022889735,0.545583351206943,1.18506623730247,0.247955761878565,0.491400135922194,0.515526291296662,0.442106660207938,0.716537177655772,1.13430419664889,0.779466967419366,1.80940359640926,0.46242968543822,0.643035902716736,1.03958876898321,1.15784412153032,1.10168200728054,1.0134400116089,0.998225765932743,0.920252373327023,1.72646781930992,0.616750205657691,0.517766519268252,1.1485787525075,1.61873500590111,1.52705824570955,0.612033379184686,0.590307704718325,1.27483109027277,0.307944772058791,0.473690919365051,0.851610292621314,0.745841983701384,0.649451647002827,0.548272544646286,0.204641024469354,0.543150173665709,0.43331151224631,1.04934776974061,1.29719193460547,1.49096830356482,0.450751773566727,0.474117463563293,1.50678407498143,0.476677469643086,0.374156063087843,1.40173552090983,0.437628316669779,1.56748400811203,0.674294017139696,0.405736119119077,0.371344683689261,0.558166706178061,0.561773908248882,1.23839323397182,1.25847571724368,0.589356706829941,0.343535454458202,1.32326474022037,0.62986543381023,1.24591222139244,0.345507098419459,0.72928134925271,1.19416691271949,1.2459206358537,1.2289235563919,0.824816059058188,0.86844116767075,0.602926067532183,0.355006509249116,1.67105697655707,0.446921526312794,1.25668370556356,1.23293875312587,0.654994211805072,1.01499749162782,0.522632188261872,0.753723217034642,0.788507199104692,0.622494496064151,0.379779681120288,0.696129133258832,1.57697119847625,0.28848617778134,0.433846905286227,0.464596929143001,0.465601356561069,0.738897404137841,0.762238990805577,1.229521870495,0.439008380036504,0.199096294011492
Subject35_timefreq_fft_251222_1337_specparam.mat,1.32115016244216,0.390542896518152,0.930837274534967,1.43618477473938,0.72831165582144,1.81724183061383,0.571759383474924,0.479251344626376,1.14369857990396,0.355530099947898,1.1685595801458,0.819647610570901,0.433749834694971,1.23106424601586,0.634060321689873,0.304954567854416,1.55093177986921,1.14133174448652,0.442364970145603,1.10861957774275,0.316968773960265,0.363208860567322,0.313276216312553,0.81267281727045,0.635865172039145,1.60204873517704,1.47276371449507,0.553916899425566,0.417325099598206,1.43699922625549,1.14963273275962,0.638240499773131,1.49662116610055,0.277283937157356,0.278808490460189,0.927976394657624,0.624142573679416,1.17939154885907,1.49244787902593,1.14479569233173,0.655960253844949,0.2243785988673,0.782339066827349,0.329386270427023,1.06636583152726,1.38466229423713,0.509887556057687,1.78240094367101,0.789907397599135,0.762127329211488,1.21255882228749,1.50531711374452,1.64327562690202,1.5521045201661,0.471851290245558,0.347834459676421,0.802121380489262,0.722002246179117,0.41051708634424,1.15071962860343,1.6249050366126,0.498329089243395,1.05495119915989,0.434483485666613,1.41354599993811,0.614669151901564,0.824687662780952,1.51189662943488,1.31386965682275,1.31008901437107,0.445712815363173,0.167778070267215,0.245803124614778,0.554701585455366,1.56520186432695,0.650131226898796,0.646996672177353,0.576654898274289,0.864013050917935,0.484951941168315,0.364738849038881,0.197497258068271,1.15932268649528,0.202707330266571,1.4369867476583,1.58953035256508,1.08116085153204,0.440515296463391,0.456702087610863,0.702055480671647,1.21308008945102,1.27452575145197,0.627976274923654,0.205922890170211,1.33566841461138,0.549018572211285,1.2940034297609,0.288502068588465,0.591018495496915,1.02461987720103,0.593144527436695,1.46772767567794,0.661210670733726,0.621794672412414,0.462691018823837,0.635491251597517,0.747471447602163,0.991828948685467,0.595100001445541,1.06464850238633,0.244633439319752,0.825408788339147,0.407246182192383,0.617524864602077,0.814786778143924,0.912454115126589,0.313758036534228,0.63230613350294,0.507751266123835,0.488960494087311,0.347107796819648,0.43598228890576,0.339205953211508,0.554199844863319,1.36357175235849,0.943541196661968,0.345722805664938,0.230203768597832
Subject36_timefreq_fft_251222_1337_specparam.mat,0.620902512629609,0.79546652435118,0.589011348228372,0.204202153728941,0.977815838442347,0.824573179475402,0.971542644137437,0.730233357336519,0.93486664143909,0.923202331549331,0.962991380592721,0.907262487322418,0.716100305384257,0.814254289478922,1.19180588853108,0.906146155373455,0.744111487857631,0.904230414032049,0.94707717368584,1.03221859024627,1.17664284154082,1.04952883295201,0.933847069627701,1.0293102388372,0.949709517241502,0.941562320671278,0.765589636469077,0.585354235134549,0.815300006983643,0.837897611203911,0.366692819444493,0.81862915325882,0.900228381529545,0.906403527499554,0.902259502911627,0.827903087807265,1.09236144200656,0.647197076116524,0.970020530515899,0.818818901268174,0.55420297548365,0.716755339712786,0.762130591075463,0.881339962127287,0.742994291803636,0.844059751910636,0.00742257563702339,1.03026048369566,0.964477053065863,0.602702687524173,1.10347198559987,0.82223527249154,0.88387137738513,0.986521906463823,1.16565497692572,1.01585554298175,0.724916145664302,0.816771658008117,0.919418897398254,0.820187710262461,0.663778223365891,1.08519843454711,1.03095398199393,1.08992580805553,0.720802516311071,0.87024990984432,0.177172441407217,0.960228848350672,0.367098904627854,0.879837298556875,0.671513249436387,1.13518289560092,0.975043087853714,1.08466980841756,0.739531823986342,0.803072308487453,0.21531253551338,0.674188044916155,0.89112771814566,1.06443756262863,0.924387931618961,1.11632173222642,1.07566428252075,0.646627441632378,0.834420201056605,0.979095517597371,0.790642419735022,0.686045441840716,0.799156678651495,0.813735357204565,0.789752502629566,1.068224006945,1.04822881485808,0.953208863633275,0.834225791855243,0.763117435108371,0.977471596654278,0.913729356852305,0.929548362157971,0.880397646323338,0.860242133485291,0.496344203113154,1.12517731242554,1.0237374078884,0.813411324586886,0.918548286154447,1.0527355051174,0.91261190802768,0.796807628865732,0.911969565964948,0.805787519722684,0.926817270748354,0.887252162307076,0.661808495554188,0.877270899288348,0.949799069734709,0.887867625620193,0.91284201426043,0.87980712028607,0.864869428190629,0.889727173770902,0.85557185122695,0.886731537773603,1.07994511865319,0.923017330949415,0.959305045150566,0.887355903373025,1.00391207341853
Subject37_timefreq_fft_251222_1337_specparam.mat,0.522109804860325,1.38768241385054,1.23923212672395,1.29371506679684,1.09061906962912,1.08700610181702,0.659720717382125,1.1889250127434,0.990388208380329,1.18549808419999,1.45011633133989,1.4381351235955,1.10062722813235,0.61460776194705,0.851784351498279,1.18645657207815,0.771334966241976,1.39003367875988,1.50164384546107,1.44314809508493,1.44554041432583,1.11133722706392,1.41992849371129,1.24792383434831,1.23117513875432,1.39293013960271,1.42120279571635,1.06810862789127,1.05087743549905,1.01017329999724,1.07683693592002,1.18515706487852,1.45380868553122,0.841077676405934,0.710776125928228,0.723548261868185,1.31362100536556,1.38709172948633,1.46427530863019,1.20750637411898,0.848228843906735,0.739048658804664,1.42985784966798,1.37258897568419,1.18644411399808,1.31063025757935,1.39576290533802,1.59521820711727,1.24423364131489,1.23517277164544,1.41881623171073,1.60039741260674,0.912400398818467,0.879308261673768,1.33161100750988,1.44648014290166,1.1157100503651,0.867429732013763,1.14914747786155,1.27150734935454,0.667781616414622,1.50523850598319,1.65019895346494,1.31900221605831,0.598689206150226,1.04340236476789,1.09410212952761,0.723123895399155,1.38771465136226,1.23354953258224,0.66878176999764,1.50879450801922,0.779543060757492,1.08239706467087,1.20781775226225,0.813352921300863,0.560344271540196,1.18218891959482,1.38624491989509,1.44534978410798,1.37743661190008,1.48164973194943,1.3688612787631,1.43619128646722,1.15741571696448,0.988629000633505,1.33402335396841,1.24645330375659,1.39009888727389,1.1412377907843,1.30597628482076,1.42231045699022,1.59925931905042,1.43795209510587,1.60221424479838,0.552922659816182,0.73538295767658,1.17325898074485,0.900193756857138,0.912199812841899,1.30669360879565,1.45406690079726,1.63637887551686,1.50704007614361,0.531910685754877,1.06519153889715,1.19627513539678,0.730408543518058,0.846924521127785,1.40555941293221,1.27674199489118,1.23962373223006,1.19095089233608,0.941475032156468,1.53835251573782,0.982791841249415,1.19323066407154,0.840748862297545,1.08634901401907,0.974596323292918,0.854326601706566,1.45339743428883,1.0969705556283,1.01449790183484,0.946498591317203,1.03095702052326,0.949781919377036,0.971707564367876
Subject38_timefreq_fft_251222_1337_specparam.mat,1.0939210159475,1.16263052794478,1.35154389471527,0.994068733368694,1.03193723953742,0.782201244087159,1.11143753188418,1.01404021814839,1.17404916420076,1.35284390230324,1.25547519131243,1.16648408227976,1.19635370434016,1.04472959964108,1.20574118378195,1.2004517523559,1.29555909216623,1.21372840284221,1.00080157080044,1.07081387355535,1.19041657004531,0.980539131803621,0.746427551028908,1.42238306588128,1.00302364350427,1.51315172223692,1.11173320721276,1.18416401279172,1.11935887373353,1.01235179514499,1.35183647966978,1.18416804750346,1.46663018435113,1.08111324483337,1.22518791624456,1.35150308832466,1.41546972758109,1.22460152268741,1.09371588704585,0.737204608198345,1.0949624840996,0.772091641559382,0.960047523692781,1.060720223823,1.24115055986647,0.980587747579808,0.979240791098328,0.921833175467879,1.03401418064783,1.01965905988319,1.1078625784218,1.11641657955841,1.17153826344825,0.574636226618067,0.762626665429179,1.19373417973641,1.00172655801071,1.16487917032887,0.763161758067812,1.26553801178883,1.00840053007219,0.964265873916169,1.11435976261093,1.38076019663674,0.953122430152411,1.22580762812596,1.35117243711721,1.09113109813077,0.677630772682944,1.25104222597687,0.737757383853536,0.981698929903173,0.833254408405706,0.938689581631335,0.841293153159537,1.29041209447027,0.533302978110742,1.25203954953658,0.90202969358871,1.27398336407513,0.0588080063538776,0.956597409589914,1.07480846605464,1.0976122574386,1.027961664155,0.590318718363068,0.907953533689748,1.02512854437529,0.992673289506541,1.19131886026536,1.10428763429288,1.09882901678644,1.08775346211437,0.97306884746902,1.0262835074988,0.958514427897743,1.09992657936115,1.21202994763076,1.11444851076517,0.0161558402448479,1.09494549243025,1.06188414964162,1.07262477920761,1.10251387382827,1.11711009846631,1.29406757564469,1.09456286985548,1.18804352225316,1.07711354799131,1.27973922727619,1.15282391524047,1.3167597383033,1.11927316821513,1.02152073427661,1.1021461103697,1.19983346344221,1.12904572428144,0.973944552120787,1.00047710336677,1.40298267832633,1.24573410810961,1.05967542900663,1.11349845677809,1.14716802773418,0.816245979193787,0.303719170846747,1.47877497154547,0.861873011286057
Subject39_timefreq_fft_251222_1337_specparam.mat,1.16632887233086,0.442841988602766,0.82823536909577,1.05288511014356,1.20839239202623,1.04590177421674,1.58645959584129,1.33430917053094,0.982714119765836,1.35070260498493,0.867892090823407,1.1725794899304,1.40013821016675,1.13300371124683,1.36335904204676,1.34666798196716,0.643484880062771,0.838295154712376,1.02777205273573,1.08424965625169,1.29380535297649,1.35666838619088,1.30583729349825,1.35382524601599,0.817176069242203,0.771001571177821,0.819046126155461,1.02880628364891,1.58875408589588,1.37853126918294,1.24787634980384,1.4994703485885,0.638425160995264,1.17167496974824,1.41272974851439,0.988904503317276,0.739055281662591,0.447868331564224,1.0241616443122,0.656857844090879,0.867013528130895,0.908883370160506,1.01701215805591,1.11757736100793,0.981955113032556,0.915359985853001,1.23270528577061,1.06246942415768,1.15629236452619,0.885082705547006,1.44611335386958,1.07381736585299,1.10253830718634,1.38581738674523,1.30189441937823,0.82108182386906,1.20899038321474,1.34316180524047,1.37395217976465,1.3453366803248,0.554357746156247,1.11918291430328,1.07731749043155,1.42209529541479,0.464650882646619,1.11385332117589,1.15613074531442,0.670700821624156,0.580742541061399,0.812437164883257,0.576196978717794,1.08990156486992,1.02521292893998,1.02354237159004,1.26612335717251,0.873703618279138,1.01176860330272,0.884253900708284,0.715935609910012,0.933176753365366,0.996246886687102,1.1318539936591,1.07784869430157,1.48162104895996,1.02704807165705,1.12819028473424,0.989194569378211,1.13744538879083,0.997079712506873,1.12160700334282,0.999342632011211,1.23760179402236,1.11637969535743,1.1487176783694,1.06324735667771,1.18211991099869,1.35761978106885,1.12100932870935,1.33891062721025,1.40801786159404,0.997940242476863,1.27257066959714,1.07172145427468,1.35249041779792,1.34248350613366,1.53439575243017,1.37081753612849,1.30719671432547,1.30655444890115,1.35200676144508,0.824973066563558,1.32580728889586,1.36013697583711,1.04085290977197,0.709824491539992,1.36654785219344,0.481872581549152,1.03953763065346,1.49043065816353,1.35327181688631,0.961663853059586,1.32223497916528,1.35272209181805,1.35383360106045,0.673822274453138,1.3577774654409,2.14411504523488,1.34681007234057
Subject40_timefreq_fft_251222_1337_specparam.mat,0.630172001030693,0.78327043707206,0.62317695719189,0.295225973624295,0.967830308259468,0.826052921621734,0.970147670239681,0.712256113563087,0.912479755555205,0.93526406897154,1.08002209560351,0.926906610299671,0.786591103923899,0.837072202224524,1.16277505966281,0.918707184241666,1.01992430675351,0.889203814929427,0.838357581629539,1.01995793877159,1.12254564122961,1.06984691024276,0.833292541190104,1.08098906434256,1.06022424145216,0.957234251609148,0.72544295103384,0.640659182204313,1.26546664633049,0.861379104021125,0.364611725937534,0.816968097959922,0.955862499885335,0.924303879558604,0.900766882133212,0.788229134467365,0.96203540956621,0.709008161689427,0.859340727356759,0.81006438063144,0.796595280150778,0.74467021313538,0.723010503851884,0.912835358754462,0.891882739189424,0.837831652405989,0.0479422502715626,1.02236979378113,0.844857712748874,0.550839169298227,0.548606530705365,0.819551575673275,0.856411757074807,0.960599721513037,1.13960203248243,0.981043618335676,0.767259365804532,0.817910287664698,0.904548239672151,0.827607891748956,0.641164449154469,1.0958049156746,1.023252636339,1.07157612635815,0.726488647444773,0.927527676804846,0.175432916799276,1.01640484591691,0.401923193291817,0.527314246902383,0.773833101889011,0.675107137771176,0.909978759318862,0.596187135455667,0.757668845885715,0.758810710371455,0.316437233025693,0.752608892636644,0.909559578042593,1.0390504529305,0.938413767943687,1.11212866333509,1.08229712259281,0.786711484099341,0.837719730058914,1.06799139707008,0.779668832498971,0.787406891960042,0.825222928973898,0.798445063056312,0.85146249377546,1.07473154254898,1.04805344149151,0.987996732444856,0.836098941705554,0.816967041310538,0.950283677299096,0.939642648162536,0.770356819871404,0.955954552780951,0.922798289700981,0.642659232152291,1.1164408639279,1.00530682168434,0.834975872133817,0.945479990946859,1.1262050568303,0.938799978475283,0.824970689908795,0.940658071462775,0.810690099094477,0.913751939538134,0.905034583437236,0.605795910819564,0.891500053745457,0.566802710016125,0.9043842899951,0.801627007652156,0.896166667592167,1.16344852688438,0.896939234391819,0.915878224063945,0.903014557689331,0.741125352226929,0.841137783451974,0.863025424579221,0.901704645391224,1.02592716909599
